ruined,unfunded_rule,below_budget,years_below_budget,longest_shortfall,shortfall_fraction,mean_spending,minimum_spending,terminal_wealth,start_year,horizon,rule
False,False,False,0,0,0,40000,40000,3368928.75036,1872,30,fixed
False,False,False,0,0,0,40000,40000,3063211.98,1873,30,fixed
False,False,False,0,0,0,40000,40000,2854738.44968,1874,30,fixed
False,False,False,0,0,0,40000,40000,2685374.34077,1875,30,fixed
False,False,False,0,0,0,40000,40000,2687898.08516,1876,30,fixed
False,False,False,0,0,0,40000,40000,3246577.25524,1877,30,fixed
False,False,False,0,0,0,40000,40000,2796272.07135,1878,30,fixed
False,False,False,0,0,0,40000,40000,2921926.58368,1879,30,fixed
False,False,False,0,0,0,40000,40000,2104148.6044,1880,30,fixed
False,False,False,0,0,0,40000,40000,1474662.05478,1881,30,fixed
False,False,False,0,0,0,40000,40000,1457628.693,1882,30,fixed
False,False,False,0,0,0,40000,40000,1437911.82225,1883,30,fixed
False,False,False,0,0,0,40000,40000,1363558.70346,1884,30,fixed
False,False,False,0,0,0,40000,40000,1551341.82472,1885,30,fixed
False,False,False,0,0,0,40000,40000,1318324.7111,1886,30,fixed
False,False,False,0,0,0,40000,40000,1029776.05973,1887,30,fixed
False,False,False,0,0,0,40000,40000,859279.747469,1888,30,fixed
False,False,False,0,0,0,40000,40000,799544.518887,1889,30,fixed
False,False,False,0,0,0,40000,40000,673439.392899,1890,30,fixed
False,False,False,0,0,0,40000,40000,613393.742873,1891,30,fixed
False,False,False,0,0,0,40000,40000,585400.107291,1892,30,fixed
False,False,False,0,0,0,40000,40000,697268.727078,1893,30,fixed
False,False,False,0,0,0,40000,40000,899626.805639,1894,30,fixed
False,False,False,0,0,0,40000,40000,878441.235324,1895,30,fixed
False,False,False,0,0,0,40000,40000,936473.071903,1896,30,fixed
False,False,False,0,0,0,40000,40000,996755.709014,1897,30,fixed
False,False,False,0,0,0,40000,40000,921128.164419,1898,30,fixed
False,False,False,0,0,0,40000,40000,776126.742071,1899,30,fixed
False,False,False,0,0,0,40000,40000,623148.421558,1900,30,fixed
False,False,False,0,0,0,40000,40000,368482.461324,1901,30,fixed
False,False,False,0,0,0,40000,40000,172268.2625,1902,30,fixed
False,False,False,0,0,0,40000,40000,189608.993428,1903,30,fixed
False,False,False,0,0,0,40000,40000,647860.376397,1904,30,fixed
False,False,False,0,0,0,40000,40000,308388.386318,1905,30,fixed
False,False,False,0,0,0,40000,40000,87613.6663799,1906,30,fixed
False,False,False,0,0,0,40000,40000,102205.109903,1907,30,fixed
False,False,False,0,0,0,40000,40000,932147.259939,1908,30,fixed
False,False,False,0,0,0,40000,40000,284346.773527,1909,30,fixed
False,False,False,0,0,0,40000,40000,1355.82573072,1910,30,fixed
False,False,False,0,0,0,40000,40000,317549.812164,1911,30,fixed
False,False,False,0,0,0,40000,40000,235053.461901,1912,30,fixed
False,False,False,0,0,0,40000,40000,240288.104471,1913,30,fixed
False,False,False,0,0,0,40000,40000,541212.88534,1914,30,fixed
False,False,False,0,0,0,40000,40000,778604.513396,1915,30,fixed
False,False,False,0,0,0,40000,40000,374868.752937,1916,30,fixed
False,False,False,0,0,0,40000,40000,479943.132936,1917,30,fixed
False,False,False,0,0,0,40000,40000,1549302.17658,1918,30,fixed
False,False,False,0,0,0,40000,40000,1777262.77684,1919,30,fixed
False,False,False,0,0,0,40000,40000,2262714.47346,1920,30,fixed
False,False,False,0,0,0,40000,40000,4303900.54561,1921,30,fixed
False,False,False,0,0,0,40000,40000,3164399.26856,1922,30,fixed
False,False,False,0,0,0,40000,40000,2381929.26129,1923,30,fixed
False,False,False,0,0,0,40000,40000,2489667.32021,1924,30,fixed
False,False,False,0,0,0,40000,40000,2508698.82967,1925,30,fixed
False,False,False,0,0,0,40000,40000,2407426.81375,1926,30,fixed
False,False,False,0,0,0,40000,40000,2137478.30856,1927,30,fixed
False,False,False,0,0,0,40000,40000,1355853.90437,1928,30,fixed
False,False,False,0,0,0,40000,40000,881000.036134,1929,30,fixed
False,False,False,0,0,0,40000,40000,1033774.36249,1930,30,fixed
False,False,False,0,0,0,40000,40000,1508883.2772,1931,30,fixed
False,False,False,0,0,0,40000,40000,2752466.0709,1932,30,fixed
False,False,False,0,0,0,40000,40000,2214489.97973,1933,30,fixed
False,False,False,0,0,0,40000,40000,1242660.29453,1934,30,fixed
False,False,False,0,0,0,40000,40000,1452240.80076,1935,30,fixed
False,False,False,0,0,0,40000,40000,805415.686645,1936,30,fixed
False,False,False,0,0,0,40000,40000,270120.963649,1937,30,fixed
False,False,False,0,0,0,40000,40000,1075142.24061,1938,30,fixed
False,False,False,0,0,0,40000,40000,697262.380253,1939,30,fixed
False,False,False,0,0,0,40000,40000,527117.462308,1940,30,fixed
False,False,False,0,0,0,40000,40000,683746.724952,1941,30,fixed
False,False,False,0,0,0,40000,40000,1177963.09838,1942,30,fixed
False,False,False,0,0,0,40000,40000,1494346.41225,1943,30,fixed
False,False,False,0,0,0,40000,40000,1103157.69662,1944,30,fixed
False,False,False,0,0,0,40000,40000,726845.147354,1945,30,fixed
False,False,False,0,0,0,40000,40000,419576.260704,1946,30,fixed
False,False,False,0,0,0,40000,40000,856147.712516,1947,30,fixed
False,False,False,0,0,0,40000,40000,1181951.01133,1948,30,fixed
False,False,False,0,0,0,40000,40000,1256855.68578,1949,30,fixed
False,False,False,0,0,0,40000,40000,1007403.9216,1950,30,fixed
False,False,False,0,0,0,40000,40000,798644.565785,1951,30,fixed
False,False,False,0,0,0,40000,40000,705799.651775,1952,30,fixed
False,False,False,0,0,0,40000,40000,751884.486279,1953,30,fixed
False,False,False,0,0,0,40000,40000,827466.632089,1954,30,fixed
False,False,False,0,0,0,40000,40000,419179.606981,1955,30,fixed
False,False,False,0,0,0,40000,40000,232793.185678,1956,30,fixed
False,False,False,0,0,0,40000,40000,380001.02531,1957,30,fixed
False,False,False,0,0,0,40000,40000,524982.424972,1958,30,fixed
False,False,False,0,0,0,40000,40000,326183.932617,1959,30,fixed
False,False,False,0,0,0,40000,40000,335031.748711,1960,30,fixed
False,False,False,0,0,0,40000,40000,270345.659755,1961,30,fixed
False,False,False,0,0,0,40000,40000,16684.0660132,1962,30,fixed
False,False,False,0,0,0,40000,40000,157245.334984,1963,30,fixed
True,True,True,1,1,0.00252600867864,39590.8864063,27726.5921892,0,1964,30,fixed
True,True,True,5,5,0.133465420382,34329.3707219,0,0,1965,30,fixed
True,True,True,6,6,0.169774877014,32906.7536896,0,0,1966,30,fixed
True,True,True,1,1,0.0185187286862,39111.1048061,13333.1441824,0,1967,30,fixed
True,True,True,2,2,0.0666666666667,37034.3180158,0,0,1968,30,fixed
True,True,True,3,3,0.0695047110593,36914.8586682,0,0,1969,30,fixed
False,False,False,0,0,0,40000,40000,793703.691291,1970,30,fixed
False,False,False,0,0,0,40000,40000,891000.69142,1971,30,fixed
False,False,False,0,0,0,40000,40000,470825.607209,1972,30,fixed
False,False,False,0,0,0,40000,40000,180335.530566,1973,30,fixed
False,False,False,0,0,0,40000,40000,1178914.88485,1974,30,fixed
False,False,False,0,0,0,40000,40000,2921751.70677,1975,30,fixed
False,False,False,0,0,0,40000,40000,2490433.26174,1976,30,fixed
False,False,False,0,0,0,40000,40000,1993744.1855,1977,30,fixed
False,False,False,0,0,0,40000,40000,2876420.09719,1978,30,fixed
False,False,False,0,0,0,40000,40000,3102466.39659,1979,30,fixed
False,False,False,0,0,0,40000,40000,3651029.03359,1980,30,fixed
False,False,False,0,0,0,40000,40000,4153109.15565,1981,30,fixed
False,False,False,0,0,0,40000,40000,5799142.85741,1982,30,fixed
False,False,False,0,0,0,40000,40000,4907575.77023,1983,30,fixed
False,False,False,0,0,0,40000,40000,4909397.57458,1984,30,fixed
False,False,False,0,0,0,40000,40000,5635872.6871,1985,30,fixed
False,False,False,0,0,0,40000,40000,4027209.75113,1986,30,fixed
False,False,False,0,0,0,40000,40000,2906688.9492,1987,30,fixed
False,False,False,0,0,0,40000,40000,3701708.19141,1988,30,fixed
False,False,False,0,0,0,40000,40000,3474218.5139,1989,30,fixed
False,False,False,0,0,0,40000,40000,2850225.45595,1990,30,fixed
False,False,False,0,0,0,40000,40000,3602399.82431,1991,30,fixed
False,False,False,0,0,0,61421.5775671,40000,1998851.31545,1872,30,percentage
False,False,False,0,0,0,59565.3140052,40000,1865291.927,1873,30,percentage
False,False,False,0,0,0,61817.7133162,40000,1668285.72042,1874,30,percentage
False,False,False,0,0,0,57639.30823,38351.3341984,1678834.82632,1875,30,percentage
False,False,False,0,0,0,56138.7340137,36572.364673,1717843.92192,1876,30,percentage
False,False,False,0,0,0,62283.1708826,40000,1850544.23097,1877,30,percentage
False,False,False,0,0,0,65956.3845858,40000,1503147.01772,1878,30,percentage
False,False,False,0,0,0,61318.5813921,40000,1665209.6243,1879,30,percentage
False,False,False,0,0,0,50986.4550557,40000,1466241.87508,1880,30,percentage
False,False,False,0,0,0,46295.4298915,38611.3410137,1185646.76004,1881,30,percentage
False,False,False,0,0,0,46141.3990172,38270.0142681,1178360.84325,1882,30,percentage
False,False,False,0,0,0,46284.0072912,38192.3436891,1154016.87247,1883,30,percentage
False,False,False,0,0,0,47043.5212488,39923.260792,1055715.58145,1884,30,percentage
False,False,False,0,0,0,50781.7944239,40000,1072652.71794,1885,30,percentage
False,False,False,0,0,0,45299.0430717,38445.9988034,1082127.36535,1886,30,percentage
False,False,False,0,0,0,42425.8857782,35923.2110073,954096.436097,1887,30,percentage
False,False,False,0,0,0,44472.0183112,30058.8194136,721411.665926,1888,30,percentage
False,False,True,1,1,0.00220496138412,44321.1534956,28015.5347543,672372.834103,1889,30,percentage
False,False,True,3,3,0.00911805473827,42522.5720318,25329.1549373,607899.718496,1890,30,percentage
False,False,True,3,3,0.0135916642591,45483.1961246,20503.5494802,492085.187524,1891,30,percentage
False,False,True,5,5,0.0278409842235,41688.2885075,19026.5541836,553358.549098,1892,30,percentage
False,False,True,6,6,0.0303029451023,41421.2019475,19059.585133,661615.880937,1893,30,percentage
False,False,True,4,3,0.0165714777578,45347.6450951,21145.6902635,715156.129653,1894,30,percentage
False,False,True,6,6,0.0233295690908,43096.4342983,20228.7895337,759513.817744,1895,30,percentage
False,False,True,6,6,0.0242041564437,42652.5920217,20128.6491571,820912.321647,1896,30,percentage
False,False,True,6,6,0.0219392883845,42886.0372032,20387.9768728,862834.682452,1897,30,percentage
False,False,True,8,8,0.0347025200763,39849.2409258,19001.755478,936021.100229,1898,30,percentage
False,False,True,9,9,0.0531789845761,36783.364735,17510.4682977,1004240.52712,1899,30,percentage
False,False,True,10,10,0.0607175437592,35528.581882,16980.2016245,933149.427102,1900,30,percentage
False,False,True,10,10,0.0761649710058,33222.758433,16018.0400798,783258.576835,1901,30,percentage
False,False,True,11,10,0.0929430897877,31259.8543855,15294.5066778,608504.09549,1902,30,percentage
False,False,True,12,10,0.0922724970583,31318.9870852,15467.6696664,667544.826252,1903,30,percentage
False,False,True,9,8,0.0485956969375,35855.8104647,17894.24988,983387.274872,1904,30,percentage
False,False,True,12,10,0.076081990125,32450.3671768,16281.4721721,866042.749995,1905,30,percentage
False,False,True,12,10,0.0990758714241,30178.2297628,15125.7036533,944466.27772,1906,30,percentage
False,False,True,12,10,0.0991034080167,30620.5290038,15124.3195491,1085391.01357,1907,30,percentage
False,False,True,6,6,0.0258752602923,39808.5940776,19937.3075281,1120935.62615,1908,30,percentage
False,False,True,12,10,0.0723445815148,33038.2096634,16469.3299399,1023087.92948,1909,30,percentage
False,False,True,12,10,0.0972469999678,30712.9655364,15217.6303718,956017.470954,1910,30,percentage
False,False,True,10,9,0.0619458026946,34203.8796505,17028.1719336,1001205.72329,1911,30,percentage
False,False,True,11,10,0.0630060586028,33929.9798327,16967.2603682,869672.071214,1912,30,percentage
False,False,True,10,9,0.0587445497841,34333.8684345,17229.0340912,829445.14882,1913,30,percentage
False,False,True,8,8,0.0333963211786,37956.0770136,19108.755083,952484.408547,1914,30,percentage
False,False,True,6,6,0.0207072920197,40578.3776878,20529.0406323,1070574.37501,1915,30,percentage
False,False,True,9,8,0.0477095596029,35864.0632843,17957.3226385,1088360.00163,1916,30,percentage
False,False,True,7,7,0.0367668651913,37787.7084055,18770.9171499,962315.149889,1917,30,percentage
False,False,True,1,1,0.00374311470241,53374.959278,26631.1967678,1154990.98244,1918,30,percentage
False,False,True,1,1,0.00131579791617,57973.4917147,28815.7818754,1169909.55686,1919,30,percentage
False,False,False,0,0,0,62152.4444672,36980.5860767,1333963.142,1920,30,percentage
False,False,False,0,0,0,86155.4110952,40000,1987326.2096,1921,30,percentage
False,False,False,0,0,0,71865.5463376,40000,1614532.20506,1922,30,percentage
False,False,False,0,0,0,60538.1198866,40000,1373156.54536,1923,30,percentage
False,False,False,0,0,0,62768.2162353,40000,1377323.22863,1924,30,percentage
False,False,False,0,0,0,57197.3332575,40000,1501227.64977,1925,30,percentage
False,False,False,0,0,0,53375.6940065,40000,1545357.60816,1926,30,percentage
False,False,False,0,0,0,52031.2182222,39456.8766797,1415193.32425,1927,30,percentage
False,False,False,0,0,0,44813.851887,33899.0861979,1117903.37876,1928,30,percentage
False,False,True,2,1,0.00178081780183,38506.0541712,28903.0266052,1030424.37154,1929,30,percentage
False,False,False,0,0,0,40263.0460912,30066.1781681,1074813.93721,1930,30,percentage
False,False,False,0,0,0,45455.1491351,34335.8262295,1207083.30199,1931,30,percentage
False,False,False,0,0,0,57002.2328654,40000,1644264.90102,1932,30,percentage
False,False,False,0,0,0,53129.36011,39599.1335003,1428424.41826,1933,30,percentage
False,False,False,0,0,0,41881.7147368,30792.6731575,1163563.7375,1934,30,percentage
False,False,False,0,0,0,43648.9246136,32044.2110496,1268591.70167,1935,30,percentage
False,False,True,3,3,0.00468190885398,37247.1293436,27277.8607607,1079696.57406,1936,30,percentage
False,False,True,12,8,0.0369131867552,32170.4192892,23350.8544454,843437.506208,1937,30,percentage
False,False,False,0,0,0,41267.2986252,30252.6291536,1098273.24447,1938,30,percentage
False,False,True,3,3,0.00464232159755,37306.4780472,27289.1897294,978138.679654,1939,30,percentage
False,False,True,3,3,0.00600798760946,36606.0331554,26898.3673066,801527.980658,1940,30,percentage
False,False,True,1,1,0.00150038062448,38858.1871865,28649.657438,836119.717916,1941,30,percentage
False,False,False,0,0,0,44640.4598086,32973.6451663,1023913.84696,1942,30,percentage
False,False,False,0,0,0,47783.4956889,35245.1448395,1153487.75315,1943,30,percentage
False,False,False,0,0,0,46010.2734634,34054.449764,902942.242989,1944,30,percentage
False,False,True,1,1,0.00267865394616,43492.7066149,27589.2114485,662141.074763,1945,30,percentage
False,False,True,5,3,0.0157293105766,36814.3450615,23435.321154,602964.094913,1946,30,percentage
False,False,True,2,2,0.0028803617859,43187.5336261,27705.9274619,774622.722769,1947,30,percentage
False,False,False,0,0,0,50859.402175,32900.3733565,809010.74264,1948,30,percentage
False,False,False,0,0,0,54132.6355311,33019.0833826,792458.001182,1949,30,percentage
False,False,True,1,1,0.00105562183465,49840.0635501,29049.9403488,697198.568372,1950,30,percentage
False,False,True,3,3,0.00988033110977,45512.199057,26098.2498151,626357.995563,1951,30,percentage
False,False,True,4,4,0.0161969701822,45593.8539962,22955.2990072,550927.176172,1952,30,percentage
False,False,True,5,5,0.023757670846,44027.8397642,22398.7018105,618037.309037,1953,30,percentage
False,False,True,6,6,0.0212707476011,44817.7865173,23222.0459142,660249.946978,1954,30,percentage
False,False,True,11,11,0.0727473074106,36343.9911446,19125.1023132,549250.934355,1955,30,percentage
False,False,True,13,13,0.112424335239,31888.9892745,16963.7066756,586987.929525,1956,30,percentage
False,False,True,12,12,0.0961782834019,33318.8711163,17903.2264996,728810.063835,1957,30,percentage
False,False,True,11,9,0.0680494523573,35852.4685942,19598.7797732,729258.443439,1958,30,percentage
False,False,True,14,12,0.0961869957785,32753.8107868,18076.7748442,703570.906366,1959,30,percentage
False,False,True,14,12,0.0971824412243,32383.8768291,18028.2041814,799772.156501,1960,30,percentage
False,False,True,14,12,0.0972596125107,31879.3315015,18024.4387711,741783.613322,1961,30,percentage
False,False,True,17,16,0.137420313589,28797.2074738,16363.5311903,743791.089468,1962,30,percentage
False,False,True,15,15,0.107520835996,30459.6218497,17537.494386,829488.801135,1963,30,percentage
False,False,True,17,16,0.127501237334,28835.4196306,16741.6616334,833548.144107,1964,30,percentage
False,False,True,19,18,0.148872482298,27143.5976181,15950.6080026,718993.81632,1965,30,percentage
False,False,True,19,18,0.150632873204,27028.6912521,15892.6480969,895371.492768,1966,30,percentage
False,False,True,16,15,0.108690969408,29623.9089612,17485.9861894,1020699.20016,1967,30,percentage
False,False,True,16,15,0.111135443347,29713.6488523,17385.3272793,1170338.24603,1968,30,percentage
False,False,True,16,15,0.108964429539,30545.8204934,17474.7256076,1320077.08335,1969,30,percentage
False,False,True,9,8,0.0450883311477,37578.9118925,21173.6094869,1591961.49327,1970,30,percentage
False,False,True,9,8,0.0388796696864,39230.2026903,21689.3166485,1621660.07245,1971,30,percentage
False,False,True,11,9,0.0561900851818,37347.8573482,20377.1311689,1353333.6806,1972,30,percentage
False,False,True,13,12,0.0760338993032,35627.6493823,19114.2015296,1172482.61859,1973,30,percentage
False,False,True,7,7,0.02101582747,44590.8410128,23522.5929001,1514843.92157,1974,30,percentage
False,False,False,0,0,0,60158.2219554,31243.9161498,2061696.36042,1975,30,percentage
False,False,True,1,1,0.000934389448089,57374.7988374,29159.0494967,1914104.51799,1976,30,percentage
False,False,True,1,1,0.00377566344035,53654.4287882,26601.9029037,1736020.64957,1977,30,percentage
False,False,False,0,0,0,62405.7954947,30295.6492261,1980112.37772,1978,30,percentage
False,False,False,0,0,0,69693.4186881,33277.5739151,1865563.02633,1979,30,percentage
False,False,False,0,0,0,75061.8991807,35179.9764993,2027566.57796,1980,30,percentage
False,False,False,0,0,0,78363.9093459,40000,2182611.41314,1981,30,percentage
False,False,False,0,0,0,93541.721077,40000,2697607.68836,1982,30,percentage
False,False,False,0,0,0,83132.0868348,40000,2413359.42936,1983,30,percentage
False,False,False,0,0,0,82568.3351684,40000,2389748.26746,1984,30,percentage
False,False,False,0,0,0,84325.1168217,40000,2694151.85191,1985,30,percentage
False,False,False,0,0,0,71483.3350713,40000,2139246.8125,1986,30,percentage
False,False,False,0,0,0,61528.8478078,39754.1038563,1736335.67909,1987,30,percentage
False,False,False,0,0,0,68855.4873742,40000,1986967.46998,1988,30,percentage
False,False,False,0,0,0,67124.5359024,40000,1893538.74929,1989,30,percentage
False,False,False,0,0,0,59678.267794,40000,1706191.80065,1990,30,percentage
False,False,False,0,0,0,65849.3857902,40000,1966194.18703,1991,30,percentage
False,False,False,0,0,0,61068.0177318,40000,2074933.52384,1872,30,dynamic
False,False,False,0,0,0,59285.7753764,40000,1932298.74444,1873,30,dynamic
False,False,False,0,0,0,61955.4242444,40000,1725161.15916,1874,30,dynamic
False,False,False,0,0,0,57782.9307235,39498.1607149,1726314.46773,1875,30,dynamic
False,False,False,0,0,0,56271.4944436,39400,1759391.34558,1876,30,dynamic
False,False,False,0,0,0,62675.0065103,40000,1917569.13541,1877,30,dynamic
False,False,False,0,0,0,67118.9438457,40000,1600070.90171,1878,30,dynamic
False,False,False,0,0,0,62411.1961895,40000,1716346.52902,1879,30,dynamic
False,False,False,0,0,0,51556.5989797,40000,1443577.75163,1880,30,dynamic
False,False,False,0,0,0,46861.8866339,40000,1154055.22919,1881,30,dynamic
False,False,False,0,0,0,46787.9602909,40000,1142852.24896,1882,30,dynamic
False,False,False,0,0,0,47058.1168809,39400,1120205.61512,1883,30,dynamic
False,False,False,0,0,0,48079.7422439,40000,1017804.10669,1884,30,dynamic
False,False,False,0,0,0,52299.2051042,40000,1031349.93254,1885,30,dynamic
False,False,False,0,0,0,46635.0421612,39811.968715,1023832.22867,1886,30,dynamic
False,False,False,0,0,0,43801.9219815,37183.0601814,896191.886327,1887,30,dynamic
False,False,False,0,0,0,46463.4039782,39439.2185147,661301.191366,1888,30,dynamic
False,False,False,0,0,0,46935.1483929,39594.2203644,598211.297902,1889,30,dynamic
False,False,False,0,0,0,45644.7296528,38555.6779641,519545.211005,1890,30,dynamic
False,False,False,0,0,0,49839.2165403,40000,394843.070696,1891,30,dynamic
False,False,False,0,0,0,46346.127321,38978.2327979,418010.290338,1892,30,dynamic
False,False,False,0,0,0,46603.7555328,39120.3236411,479327.733167,1893,30,dynamic
False,False,False,0,0,0,51669.3044723,40000,494397.268297,1894,30,dynamic
False,False,False,0,0,0,49517.452731,40000,502452.88432,1895,30,dynamic
False,False,False,0,0,0,49323.7376455,40000,528506.370324,1896,30,dynamic
False,False,False,0,0,0,49851.5866793,40000,543401.600064,1897,30,dynamic
False,False,False,0,0,0,46330.8087736,39558.8567233,566699.318098,1898,30,dynamic
False,False,False,0,0,0,42522.8961478,35528.9738667,591131.39267,1899,30,dynamic
False,False,False,0,0,0,40918.6202202,33886.349902,537443.683766,1900,30,dynamic
False,False,False,0,0,0,38258.0705622,31328.2079042,436217.089552,1901,30,dynamic
False,False,True,2,2,0.000748619414326,36203.1792481,29438.9666948,323268.351834,1902,30,dynamic
False,False,True,2,2,0.000725964097818,36394.2035866,29449.0845478,341515.521882,1903,30,dynamic
False,False,False,0,0,0,40659.1623097,33321.3777519,553546.873891,1904,30,dynamic
False,False,True,1,1,0.000457850165547,36657.4553111,29587.934851,469508.746486,1905,30,dynamic
False,False,True,6,6,0.00948614319768,34282.0221777,27508.2995127,456604.778211,1906,30,dynamic
False,False,True,6,6,0.0100457792614,34274.208955,27427.4936505,517021.440219,1907,30,dynamic
False,False,False,0,0,0,41178.9824776,34948.9346118,764037.096555,1908,30,dynamic
False,False,True,8,8,0.00817093009915,33900.3296956,28181.8307504,670509.243376,1909,30,dynamic
False,False,True,10,10,0.0261382500274,32403.7250905,25805.404781,500797.862467,1910,30,dynamic
False,False,True,5,3,0.0028088421389,34117.0386849,29109.8945947,661722.469384,1911,30,dynamic
False,False,True,6,3,0.00354575365668,33565.3636808,28917.9065409,577096.763184,1912,30,dynamic
False,False,True,4,3,0.00202072175892,33782.8396014,29007.3764478,545989.808238,1913,30,dynamic
False,False,False,0,0,0,36739.7701147,32050.7113094,691937.415272,1914,30,dynamic
False,False,False,0,0,0,39411.4325202,35567.0483963,835630.234307,1915,30,dynamic
False,False,False,0,0,0,34150.8938342,30472.7844921,754744.462847,1916,30,dynamic
False,False,False,0,0,0,36097.9815152,32717.4354054,716947.733062,1917,30,dynamic
False,False,False,0,0,0,53520.1619242,37088.6600946,1108886.44637,1918,30,dynamic
False,False,False,0,0,0,59073.944968,38809,1124392.80865,1919,30,dynamic
False,False,False,0,0,0,64422.6755742,39400,1302972.76598,1920,30,dynamic
False,False,False,0,0,0,83204.2042677,40000,2512643.98928,1921,30,dynamic
False,False,False,0,0,0,74306.6619577,40000,1706470.86787,1922,30,dynamic
False,False,False,0,0,0,63291.1027744,40000,1335761.20141,1923,30,dynamic
False,False,False,0,0,0,65898.2273115,40000,1366317.95302,1924,30,dynamic
False,False,False,0,0,0,59831.0142042,40000,1447954.49479,1925,30,dynamic
False,False,False,0,0,0,56192.8097814,40000,1422054.61455,1926,30,dynamic
False,False,False,0,0,0,54458.8730434,40000,1303568.11493,1927,30,dynamic
False,False,False,0,0,0,46867.5174464,40000,981076.813742,1928,30,dynamic
False,False,False,0,0,0,39915.8011748,36321.8779763,876459.178254,1929,30,dynamic
False,False,False,0,0,0,41598.6236914,38077.64135,921331.03467,1930,30,dynamic
False,False,False,0,0,0,46993.513075,39400,1073528.71764,1931,30,dynamic
False,False,False,0,0,0,56943.6159129,40000,1711180.22907,1932,30,dynamic
False,False,False,0,0,0,53133.6814027,40000,1446360.02016,1933,30,dynamic
False,False,False,0,0,0,42695.6963374,39368.3846206,1028966.37913,1934,30,dynamic
False,False,False,0,0,0,44259.0754524,40000,1130405.01671,1935,30,dynamic
False,False,False,0,0,0,37610.136729,34224.8532313,937009.110416,1936,30,dynamic
False,False,True,10,10,0.00987410117681,32891.6495561,28254.8686541,652129.951964,1937,30,dynamic
False,False,False,0,0,0,41433.765614,37958.8539242,980942.80437,1938,30,dynamic
False,False,False,0,0,0,37376.5019606,34094.5021022,867685.285436,1939,30,dynamic
False,False,False,0,0,0,36809.3496618,34069.0652221,688731.034151,1940,30,dynamic
False,False,False,0,0,0,39324.2197975,35567.0483963,745402.818194,1941,30,dynamic
False,False,False,0,0,0,45474.5104525,39406.9127423,948306.178887,1942,30,dynamic
False,False,False,0,0,0,48796.401572,40000,1103051.01606,1943,30,dynamic
False,False,False,0,0,0,47362.6870628,38964.7378403,847432.111942,1944,30,dynamic
False,False,False,0,0,0,45398.4494765,37116.1568779,596080.199696,1945,30,dynamic
False,False,False,0,0,0,38504.4698955,35444.5800617,490537.810959,1946,30,dynamic
False,False,False,0,0,0,46272.7624901,37393.8258453,668420.261181,1947,30,dynamic
False,False,False,0,0,0,55506.6278335,40000,683681.571533,1948,30,dynamic
False,False,False,0,0,0,60142.087771,40000,648059.841839,1949,30,dynamic
False,False,False,0,0,0,56094.6070268,40000,535882.726712,1950,30,dynamic
False,False,False,0,0,0,51934.2873028,40000,450593.398257,1951,30,dynamic
False,False,False,0,0,0,52974.2490497,40000,365502.927454,1952,30,dynamic
False,False,False,0,0,0,51921.9753327,40000,381504.62154,1953,30,dynamic
False,False,False,0,0,0,53636.8853002,40000,381945.847247,1954,30,dynamic
False,False,False,0,0,0,44015.2623661,37696.1423955,283216.793236,1955,30,dynamic
False,False,False,0,0,0,38935.2524195,32729.3752207,280594.668245,1956,30,dynamic
False,False,False,0,0,0,40910.0047861,34148.3043703,330083.628149,1957,30,dynamic
False,False,False,0,0,0,44396.0965742,37051.8073573,309147.466586,1958,30,dynamic
False,False,False,0,0,0,40754.3173787,33452.9098729,275304.381238,1959,30,dynamic
False,False,False,0,0,0,40349.3669351,32930.0749677,293726.471923,1960,30,dynamic
False,False,False,0,0,0,39886.4813731,32402.1140019,251140.228801,1961,30,dynamic
False,False,True,3,3,0.00219856124181,35997.4972891,28898.1247882,232717.450955,1962,30,dynamic
False,False,True,2,2,0.00100701353997,36547.301137,29323.5680085,340617.503272,1963,30,dynamic
False,False,True,6,6,0.00948614319768,34454.0555111,27508.2995127,325000.438526,1964,30,dynamic
False,False,True,10,10,0.0261382500274,32403.7250905,25805.404781,262991.266687,1965,30,dynamic
False,False,True,10,10,0.0261382500274,32403.7250905,25805.404781,270738.506888,1966,30,dynamic
False,False,True,7,7,0.0124215773761,34000.3636885,27131.4873625,388819.997277,1967,30,dynamic
False,False,True,10,10,0.0261382500274,32403.7250905,25805.404781,535335.769029,1968,30,dynamic
False,False,True,10,10,0.0261382500274,32403.7250905,25805.404781,593570.7539,1969,30,dynamic
False,False,False,0,0,0,36965.608457,30753.1932597,964642.460075,1970,30,dynamic
False,False,False,0,0,0,36580.7329348,31229.8721479,1224448.35502,1971,30,dynamic
False,False,True,3,3,0.00190388150098,34425.8760086,29138.6567131,977881.519424,1972,30,dynamic
False,False,True,5,5,0.00522771178831,33515.5467121,28254.8686541,662508.313585,1973,30,dynamic
False,False,False,0,0,0,40666.3285832,33415.9324404,1378093.22795,1974,30,dynamic
False,False,False,0,0,0,56199.1775565,38794.5059177,2158628.12222,1975,30,dynamic
False,False,False,0,0,0,53712.717252,35998.0945404,1992600.17154,1976,30,dynamic
False,False,False,0,0,0,49843.4905507,35476.387577,1707885.0269,1977,30,dynamic
False,False,False,0,0,0,58901.8922842,36532.3301932,2127255.27853,1978,30,dynamic
False,False,False,0,0,0,66906.4989847,38226.865,2071121.81982,1979,30,dynamic
False,False,False,0,0,0,72895.0723115,39400,2248332.92033,1980,30,dynamic
False,False,False,0,0,0,76845.1766616,40000,2428582.49228,1981,30,dynamic
False,False,False,0,0,0,86458.8608555,40000,3534210.48012,1982,30,dynamic
False,False,False,0,0,0,81726.2112276,40000,2783081.15699,1983,30,dynamic
False,False,False,0,0,0,81326.7995109,40000,2797308.65013,1984,30,dynamic
False,False,False,0,0,0,82375.0745262,40000,3253796.33921,1985,30,dynamic
False,False,False,0,0,0,70886.4355598,40000,2303190.08136,1986,30,dynamic
False,False,False,0,0,0,61084.4531366,39754.1038563,1819941.29528,1987,30,dynamic
False,False,False,0,0,0,68644.6710569,40000,2131472.23753,1988,30,dynamic
False,False,False,0,0,0,66935.5995351,40000,2018143.25802,1989,30,dynamic
False,False,False,0,0,0,59504.903426,40000,1747102.75996,1990,30,dynamic
False,False,False,0,0,0,65856.3982974,40000,2089602.54347,1991,30,dynamic
False,False,False,0,0,0,61068.0177318,40000,2074933.52384,1872,30,floor
False,False,False,0,0,0,59285.7753764,40000,1932298.74444,1873,30,floor
False,False,False,0,0,0,61955.4242444,40000,1725161.15916,1874,30,floor
False,False,False,0,0,0,57782.9307235,39498.1607149,1726314.46773,1875,30,floor
False,False,False,0,0,0,56271.4944436,39400,1759391.34558,1876,30,floor
False,False,False,0,0,0,62675.0065103,40000,1917569.13541,1877,30,floor
False,False,False,0,0,0,67118.9438457,40000,1600070.90171,1878,30,floor
False,False,False,0,0,0,62411.1961895,40000,1716346.52902,1879,30,floor
False,False,False,0,0,0,51556.5989797,40000,1443577.75163,1880,30,floor
False,False,False,0,0,0,46861.8866339,40000,1154055.22919,1881,30,floor
False,False,False,0,0,0,46787.9602909,40000,1142852.24896,1882,30,floor
False,False,False,0,0,0,47058.1168809,39400,1120205.61512,1883,30,floor
False,False,False,0,0,0,48079.7422439,40000,1017804.10669,1884,30,floor
False,False,False,0,0,0,52299.2051042,40000,1031349.93254,1885,30,floor
False,False,False,0,0,0,46635.0421612,39811.968715,1023832.22867,1886,30,floor
False,False,False,0,0,0,43801.9219815,37183.0601814,896191.886327,1887,30,floor
False,False,False,0,0,0,46463.4039782,39439.2185147,661301.191366,1888,30,floor
False,False,False,0,0,0,46935.1483929,39594.2203644,598211.297902,1889,30,floor
False,False,False,0,0,0,45644.7296528,38555.6779641,519545.211005,1890,30,floor
False,False,False,0,0,0,49839.2165403,40000,394843.070696,1891,30,floor
False,False,False,0,0,0,46346.127321,38978.2327979,418010.290338,1892,30,floor
False,False,False,0,0,0,46603.7555328,39120.3236411,479327.733167,1893,30,floor
False,False,False,0,0,0,51669.3044723,40000,494397.268297,1894,30,floor
False,False,False,0,0,0,49517.452731,40000,502452.88432,1895,30,floor
False,False,False,0,0,0,49323.7376455,40000,528506.370324,1896,30,floor
False,False,False,0,0,0,49851.5866793,40000,543401.600064,1897,30,floor
False,False,False,0,0,0,46330.8087736,39558.8567233,566699.318098,1898,30,floor
False,False,False,0,0,0,42522.8961478,35528.9738667,591131.39267,1899,30,floor
False,False,False,0,0,0,40918.6202202,33886.349902,537443.683766,1900,30,floor
False,False,False,0,0,0,38258.0705622,31328.2079042,436217.089552,1901,30,floor
False,False,False,0,0,0,36225.6378305,30000,322611.780109,1902,30,floor
False,False,False,0,0,0,36415.9825095,30000,340848.841311,1903,30,floor
False,False,False,0,0,0,40659.1623097,33321.3777519,553546.873891,1904,30,floor
False,False,False,0,0,0,36671.190816,30000,469096.681337,1905,30,floor
False,False,False,0,0,0,34566.6064737,30000,445602.150247,1906,30,floor
False,False,False,0,0,0,34575.5823329,30000,504797.995976,1907,30,floor
False,False,False,0,0,0,41178.9824776,34948.9346118,764037.096555,1908,30,floor
False,False,False,0,0,0,34248.4438486,30000,658240.998008,1909,30,floor
False,False,False,0,0,0,33187.8725914,30000,471477.657943,1910,30,floor
False,False,False,0,0,0,34261.4991505,30000,656953.591837,1911,30,floor
False,False,False,0,0,0,33705.9387699,30000,572716.635896,1912,30,floor
False,False,False,0,0,0,33842.0233048,30000,544191.153506,1913,30,floor
False,False,False,0,0,0,36739.7701147,32050.7113094,691937.415272,1914,30,floor
False,False,False,0,0,0,39411.4325202,35567.0483963,835630.234307,1915,30,floor
False,False,False,0,0,0,34150.8938342,30472.7844921,754744.462847,1916,30,floor
False,False,False,0,0,0,36097.9815152,32717.4354054,716947.733062,1917,30,floor
False,False,False,0,0,0,53520.1619242,37088.6600946,1108886.44637,1918,30,floor
False,False,False,0,0,0,59073.944968,38809,1124392.80865,1919,30,floor
False,False,False,0,0,0,64422.6755742,39400,1302972.76598,1920,30,floor
False,False,False,0,0,0,83204.2042677,40000,2512643.98928,1921,30,floor
False,False,False,0,0,0,74306.6619577,40000,1706470.86787,1922,30,floor
False,False,False,0,0,0,63291.1027744,40000,1335761.20141,1923,30,floor
False,False,False,0,0,0,65898.2273115,40000,1366317.95302,1924,30,floor
False,False,False,0,0,0,59831.0142042,40000,1447954.49479,1925,30,floor
False,False,False,0,0,0,56192.8097814,40000,1422054.61455,1926,30,floor
False,False,False,0,0,0,54458.8730434,40000,1303568.11493,1927,30,floor
False,False,False,0,0,0,46867.5174464,40000,981076.813742,1928,30,floor
False,False,False,0,0,0,39915.8011748,36321.8779763,876459.178254,1929,30,floor
False,False,False,0,0,0,41598.6236914,38077.64135,921331.03467,1930,30,floor
False,False,False,0,0,0,46993.513075,39400,1073528.71764,1931,30,floor
False,False,False,0,0,0,56943.6159129,40000,1711180.22907,1932,30,floor
False,False,False,0,0,0,53133.6814027,40000,1446360.02016,1933,30,floor
False,False,False,0,0,0,42695.6963374,39368.3846206,1028966.37913,1934,30,floor
False,False,False,0,0,0,44259.0754524,40000,1130405.01671,1935,30,floor
False,False,False,0,0,0,37610.136729,34224.8532313,937009.110416,1936,30,floor
False,False,False,0,0,0,33187.8725914,30000,641078.039215,1937,30,floor
False,False,False,0,0,0,41433.765614,37958.8539242,980942.80437,1938,30,floor
False,False,False,0,0,0,37376.5019606,34094.5021022,867685.285436,1939,30,floor
False,False,False,0,0,0,36809.3496618,34069.0652221,688731.034151,1940,30,floor
False,False,False,0,0,0,39324.2197975,35567.0483963,745402.818194,1941,30,floor
False,False,False,0,0,0,45474.5104525,39406.9127423,948306.178887,1942,30,floor
False,False,False,0,0,0,48796.401572,40000,1103051.01606,1943,30,floor
False,False,False,0,0,0,47362.6870628,38964.7378403,847432.111942,1944,30,floor
False,False,False,0,0,0,45398.4494765,37116.1568779,596080.199696,1945,30,floor
False,False,False,0,0,0,38504.4698955,35444.5800617,490537.810959,1946,30,floor
False,False,False,0,0,0,46272.7624901,37393.8258453,668420.261181,1947,30,floor
False,False,False,0,0,0,55506.6278335,40000,683681.571533,1948,30,floor
False,False,False,0,0,0,60142.087771,40000,648059.841839,1949,30,floor
False,False,False,0,0,0,56094.6070268,40000,535882.726712,1950,30,floor
False,False,False,0,0,0,51934.2873028,40000,450593.398257,1951,30,floor
False,False,False,0,0,0,52974.2490497,40000,365502.927454,1952,30,floor
False,False,False,0,0,0,51921.9753327,40000,381504.62154,1953,30,floor
False,False,False,0,0,0,53636.8853002,40000,381945.847247,1954,30,floor
False,False,False,0,0,0,44015.2623661,37696.1423955,283216.793236,1955,30,floor
False,False,False,0,0,0,38935.2524195,32729.3752207,280594.668245,1956,30,floor
False,False,False,0,0,0,40910.0047861,34148.3043703,330083.628149,1957,30,floor
False,False,False,0,0,0,44396.0965742,37051.8073573,309147.466586,1958,30,floor
False,False,False,0,0,0,40754.3173787,33452.9098729,275304.381238,1959,30,floor
False,False,False,0,0,0,40349.3669351,32930.0749677,293726.471923,1960,30,floor
False,False,False,0,0,0,39886.4813731,32402.1140019,251140.228801,1961,30,floor
False,False,False,0,0,0,36063.4541263,30000,230615.108408,1962,30,floor
False,False,False,0,0,0,36577.5115432,30000,339691.89921,1963,30,floor
False,False,False,0,0,0,34738.639807,30000,315066.573052,1964,30,floor
False,False,False,0,0,0,33187.8725914,30000,235427.667087,1965,30,floor
False,False,False,0,0,0,33187.8725914,30000,237889.528793,1966,30,floor
False,False,False,0,0,0,34373.0110098,30000,374901.250426,1967,30,floor
False,False,False,0,0,0,33187.8725914,30000,500103.320235,1968,30,floor
False,False,False,0,0,0,33187.8725914,30000,556700.419589,1969,30,floor
False,False,False,0,0,0,36965.608457,30753.1932597,964642.460075,1970,30,floor
False,False,False,0,0,0,36580.7329348,31229.8721479,1224448.35502,1971,30,floor
False,False,False,0,0,0,34674.2503553,30000,967945.903763,1972,30,floor
False,False,False,0,0,0,33683.0532269,30000,655130.667719,1973,30,floor
False,False,False,0,0,0,40666.3285832,33415.9324404,1378093.22795,1974,30,floor
False,False,False,0,0,0,56199.1775565,38794.5059177,2158628.12222,1975,30,floor
False,False,False,0,0,0,53712.717252,35998.0945404,1992600.17154,1976,30,floor
False,False,False,0,0,0,49843.4905507,35476.387577,1707885.0269,1977,30,floor
False,False,False,0,0,0,58901.8922842,36532.3301932,2127255.27853,1978,30,floor
False,False,False,0,0,0,66906.4989847,38226.865,2071121.81982,1979,30,floor
False,False,False,0,0,0,72895.0723115,39400,2248332.92033,1980,30,floor
False,False,False,0,0,0,76845.1766616,40000,2428582.49228,1981,30,floor
False,False,False,0,0,0,86458.8608555,40000,3534210.48012,1982,30,floor
False,False,False,0,0,0,81726.2112276,40000,2783081.15699,1983,30,floor
False,False,False,0,0,0,81326.7995109,40000,2797308.65013,1984,30,floor
False,False,False,0,0,0,82375.0745262,40000,3253796.33921,1985,30,floor
False,False,False,0,0,0,70886.4355598,40000,2303190.08136,1986,30,floor
False,False,False,0,0,0,61084.4531366,39754.1038563,1819941.29528,1987,30,floor
False,False,False,0,0,0,68644.6710569,40000,2131472.23753,1988,30,floor
False,False,False,0,0,0,66935.5995351,40000,2018143.25802,1989,30,floor
False,False,False,0,0,0,59504.903426,40000,1747102.75996,1990,30,floor
False,False,False,0,0,0,65856.3982974,40000,2089602.54347,1991,30,floor
False,False,False,0,0,0,40000,40000,4095999.9929,1872,40,fixed
False,False,False,0,0,0,40000,40000,3675209.76792,1873,40,fixed
False,False,False,0,0,0,40000,40000,3572106.77599,1874,40,fixed
False,False,False,0,0,0,40000,40000,2803620.53497,1875,40,fixed
False,False,False,0,0,0,40000,40000,2929002.07458,1876,40,fixed
False,False,False,0,0,0,40000,40000,3464104.36689,1877,40,fixed
False,False,False,0,0,0,40000,40000,2784555.78185,1878,40,fixed
False,False,False,0,0,0,40000,40000,2171617.82136,1879,40,fixed
False,False,False,0,0,0,40000,40000,1235745.02305,1880,40,fixed
False,False,False,0,0,0,40000,40000,636362.268617,1881,40,fixed
False,False,False,0,0,0,40000,40000,731651.546523,1882,40,fixed
False,False,False,0,0,0,40000,40000,858739.723564,1883,40,fixed
False,False,False,0,0,0,40000,40000,881007.946367,1884,40,fixed
False,False,False,0,0,0,40000,40000,1277658.21586,1885,40,fixed
False,False,False,0,0,0,40000,40000,880957.977889,1886,40,fixed
False,False,False,0,0,0,40000,40000,638241.19896,1887,40,fixed
False,False,False,0,0,0,40000,40000,997511.96188,1888,40,fixed
False,False,False,0,0,0,40000,40000,1199530.51293,1889,40,fixed
False,False,False,0,0,0,40000,40000,993224.848403,1890,40,fixed
False,False,False,0,0,0,40000,40000,1288872.26099,1891,40,fixed
False,False,False,0,0,0,40000,40000,746012.269351,1892,40,fixed
False,False,False,0,0,0,40000,40000,820609.13197,1893,40,fixed
False,False,False,0,0,0,40000,40000,1615468.12791,1894,40,fixed
False,False,False,0,0,0,40000,40000,1329007.15558,1895,40,fixed
False,False,False,0,0,0,40000,40000,1544892.06447,1896,40,fixed
False,False,False,0,0,0,40000,40000,1872010.89774,1897,40,fixed
False,False,False,0,0,0,40000,40000,1062987.2095,1898,40,fixed
False,False,False,0,0,0,40000,40000,693053.95228,1899,40,fixed
False,False,False,0,0,0,40000,40000,498292.41027,1900,40,fixed
False,False,False,0,0,0,40000,40000,139968.693388,1901,40,fixed
True,True,True,3,3,0.0703051267588,37140.8461972,0,0,1902,40,fixed
True,True,True,2,2,0.05,37812.8002132,0,0,1903,40,fixed
False,False,False,0,0,0,40000,40000,462787.440049,1904,40,fixed
False,False,False,0,0,0,40000,40000,14862.5869029,1905,40,fixed
True,True,True,8,8,0.187573138467,32372.805846,0,0,1906,40,fixed
True,True,True,8,8,0.191257029879,32262.2891036,0,0,1907,40,fixed
False,False,False,0,0,0,40000,40000,691364.179481,1908,40,fixed
True,True,True,3,3,0.0636111738206,37341.6647854,0,0,1909,40,fixed
True,True,True,10,10,0.248898491402,30033.045258,0,0,1910,40,fixed
True,True,True,2,2,0.05,37960.2527337,0,0,1911,40,fixed
True,True,True,4,4,0.0796767628917,36609.6971133,0,0,1912,40,fixed
True,True,True,3,3,0.071914366995,37092.5689902,0,0,1913,40,fixed
False,False,False,0,0,0,40000,40000,286295.846784,1914,40,fixed
False,False,False,0,0,0,40000,40000,691299.762192,1915,40,fixed
True,True,True,2,2,0.0283111262166,38650.6662135,0,0,1916,40,fixed
False,False,False,0,0,0,40000,40000,235325.446778,1917,40,fixed
False,False,False,0,0,0,40000,40000,2396785.13376,1918,40,fixed
False,False,False,0,0,0,40000,40000,3330149.62841,1919,40,fixed
False,False,False,0,0,0,40000,40000,4069394.7609,1920,40,fixed
False,False,False,0,0,0,40000,40000,7607977.36327,1921,40,fixed
False,False,False,0,0,0,40000,40000,6088763.89883,1922,40,fixed
False,False,False,0,0,0,40000,40000,4075273.62283,1923,40,fixed
False,False,False,0,0,0,40000,40000,4649901.75161,1924,40,fixed
False,False,False,0,0,0,40000,40000,3971696.31717,1925,40,fixed
False,False,False,0,0,0,40000,40000,3327681.21651,1926,40,fixed
False,False,False,0,0,0,40000,40000,2820690.18159,1927,40,fixed
False,False,False,0,0,0,40000,40000,1812586.91546,1928,40,fixed
False,False,False,0,0,0,40000,40000,889240.248431,1929,40,fixed
False,False,False,0,0,0,40000,40000,926547.200898,1930,40,fixed
False,False,False,0,0,0,40000,40000,1489936.94647,1931,40,fixed
False,False,False,0,0,0,40000,40000,2912037.39764,1932,40,fixed
False,False,False,0,0,0,40000,40000,2566415.64654,1933,40,fixed
False,False,False,0,0,0,40000,40000,929233.279478,1934,40,fixed
False,False,False,0,0,0,40000,40000,804584.078833,1935,40,fixed
False,False,False,0,0,0,40000,40000,307779.420543,1936,40,fixed
True,True,True,3,3,0.075,36911.5921396,0,0,1937,40,fixed
False,False,False,0,0,0,40000,40000,548325.091196,1938,40,fixed
False,False,False,0,0,0,40000,40000,188066.269996,1939,40,fixed
False,False,False,0,0,0,40000,40000,112314.409605,1940,40,fixed
False,False,False,0,0,0,40000,40000,241761.03622,1941,40,fixed
False,False,False,0,0,0,40000,40000,515076.477852,1942,40,fixed
False,False,False,0,0,0,40000,40000,769609.914176,1943,40,fixed
False,False,False,0,0,0,40000,40000,666134.001643,1944,40,fixed
False,False,False,0,0,0,40000,40000,511148.244943,1945,40,fixed
False,False,False,0,0,0,40000,40000,69759.1217858,1946,40,fixed
False,False,False,0,0,0,40000,40000,734205.995784,1947,40,fixed
False,False,False,0,0,0,40000,40000,1402678.02742,1948,40,fixed
False,False,False,0,0,0,40000,40000,1827810.63512,1949,40,fixed
False,False,False,0,0,0,40000,40000,1678451.9268,1950,40,fixed
False,False,False,0,0,0,40000,40000,1169424.19871,1951,40,fixed
False,False,False,0,0,0,40000,40000,1379859.97418,1952,40,fixed
False,False,False,0,0,0,40000,40000,1318037.55326,1953,40,fixed
False,False,False,0,0,0,40000,40000,1564417.06931,1954,40,fixed
False,False,False,0,0,0,40000,40000,463961.341666,1955,40,fixed
True,True,True,2,2,0.027103207015,38686.9037895,0,0,1956,40,fixed
False,False,False,0,0,0,40000,40000,189796.18512,1957,40,fixed
False,False,False,0,0,0,40000,40000,740872.88132,1958,40,fixed
False,False,False,0,0,0,40000,40000,225129.753266,1959,40,fixed
False,False,False,0,0,0,40000,40000,162196.911078,1960,40,fixed
False,False,False,0,0,0,40000,40000,91371.7915927,1961,40,fixed
True,True,True,10,10,0.234929819299,30452.105421,0,0,1962,40,fixed
True,True,True,5,5,0.121716601147,35098.5019656,0,0,1963,40,fixed
True,True,True,11,11,0.251894506509,29693.1648047,0,0,1964,40,fixed
True,True,True,15,15,0.350099065287,25747.0280414,0,0,1965,40,fixed
True,True,True,16,16,0.377331157761,24680.0652672,0,0,1966,40,fixed
True,True,True,11,11,0.263889046515,29333.3286046,0,0,1967,40,fixed
True,True,True,12,12,0.3,27775.7385119,0,0,1968,40,fixed
True,True,True,13,13,0.302128533294,27686.1440012,0,0,1969,40,fixed
False,False,False,0,0,0,40000,40000,481519.677791,1970,40,fixed
False,False,False,0,0,0,40000,40000,622587.054691,1971,40,fixed
False,False,False,0,0,0,40000,40000,188820.9527,1972,40,fixed
True,True,True,5,5,0.111497497106,35405.0750868,0,0,1973,40,fixed
False,False,False,0,0,0,40000,40000,1348631.82495,1974,40,fixed
False,False,False,0,0,0,40000,40000,4528673.69205,1975,40,fixed
False,False,False,0,0,0,40000,40000,3639811.9247,1976,40,fixed
False,False,False,0,0,0,40000,40000,2725608.30847,1977,40,fixed
False,False,False,0,0,0,40000,40000,4331659.07514,1978,40,fixed
False,False,False,0,0,0,40000,40000,5568379.89019,1979,40,fixed
False,False,False,0,0,0,40000,40000,6694174.1316,1980,40,fixed
False,False,False,0,0,0,40000,40000,7719619.62959,1981,40,fixed
False,False,False,0,0,0,65434.3669016,40000,1801614.48512,1872,40,percentage
False,False,False,0,0,0,62851.7876942,40000,1677205.80399,1873,40,percentage
False,False,False,0,0,0,64875.0467502,40000,1552570.57213,1874,40,percentage
False,False,False,0,0,0,59834.6861781,38351.3341984,1334177.73426,1875,40,percentage
False,False,False,0,0,0,57653.9209873,36572.364673,1444163.73828,1876,40,percentage
False,False,False,0,0,0,63272.0134937,40000,1484614.75423,1877,40,percentage
False,False,False,0,0,0,66466.7035703,40000,1114067.48141,1878,40,percentage
False,False,False,0,0,0,60859.4710645,39434.1400089,946419.360212,1879,40,percentage
False,False,False,0,0,0,49654.3524666,30178.1199855,724274.879653,1880,40,percentage
False,False,True,3,3,0.0112997770665,44270.6066974,20153.6215477,483686.917144,1881,40,percentage
False,False,True,4,4,0.0166908041883,43448.3728596,19975.462233,580956.104408,1882,40,percentage
False,False,True,5,5,0.0178320556975,43056.117133,19934.9212051,692001.445073,1883,40,percentage
False,False,True,6,6,0.0177290125455,43345.6303802,20193.3959019,682949.134211,1884,40,percentage
False,False,True,3,3,0.0100819905383,46561.1288566,21879.9055566,821506.920792,1885,40,percentage
False,False,True,6,6,0.0226233748317,41205.3178703,19446.1889956,793079.358231,1886,40,percentage
False,False,True,8,8,0.0336407685437,38383.1213137,18170.1496207,768974.546905,1887,40,percentage
False,False,True,6,6,0.0239558099298,40541.108114,19242.7703172,947893.423038,1888,40,percentage
False,False,True,6,6,0.0229412438058,40944.2478214,19397.6609384,1112472.66004,1889,40,percentage
False,False,True,8,8,0.028041368218,39792.637293,18781.7293979,1032152.64548,1890,40,percentage
False,False,True,6,6,0.0156974414188,43269.184283,20503.5494802,1002593.38258,1891,40,percentage
False,False,True,8,8,0.0257998421966,39975.4970523,19026.5541836,756986.569602,1892,40,percentage
False,False,True,8,8,0.0254974229283,39957.954724,19059.585133,822562.656201,1893,40,percentage
False,False,True,4,3,0.0124286083184,44341.5750919,21145.6902635,1162071.77518,1894,40,percentage
False,False,True,6,6,0.0174971768181,42534.891768,20228.7895337,1076008.13561,1895,40,percentage
False,False,True,6,6,0.0181531173328,42605.5618125,20128.6491571,1256855.93085,1896,40,percentage
False,False,True,6,6,0.0164544662884,43542.7318081,20387.9768728,1463135.37021,1897,40,percentage
False,False,True,8,8,0.0260268900572,40629.3346926,19001.755478,1068336.06517,1898,40,percentage
False,False,True,10,9,0.040694381192,37573.8509618,17510.4682977,1087764.2758,1899,40,percentage
False,False,True,11,10,0.0470808381051,36469.5141648,16980.2016245,1066747.51698,1900,40,percentage
False,False,True,12,10,0.0609922059005,34348.6952011,16018.0400798,941812.982997,1901,40,percentage
False,False,True,12,10,0.0717881660494,32633.2305215,15294.5066778,783933.588101,1902,40,percentage
False,False,True,12,10,0.0692043727937,32861.9264596,15467.6696664,744649.03258,1903,40,percentage
False,False,True,9,8,0.0364467727031,37639.6879506,17894.24988,891946.855736,1904,40,percentage
False,False,True,12,10,0.0570614925937,34099.2389191,16281.4721721,849066.802832,1905,40,percentage
False,False,True,12,10,0.0743069035681,31673.3207771,15125.7036533,916740.829582,1906,40,percentage
False,False,True,12,10,0.0743275560125,31681.2770105,15124.3195491,775367.645473,1907,40,percentage
False,False,True,6,6,0.0194064452193,41079.0314166,19937.3075281,864678.016905,1908,40,percentage
False,False,True,14,10,0.0562403543939,33679.9323446,16469.3299399,668648.401596,1909,40,percentage
False,False,True,15,10,0.0804694053577,30956.551109,15217.6303718,665200.108599,1910,40,percentage
False,False,True,11,9,0.0474545891884,34313.0771117,17028.1719336,805201.147985,1911,40,percentage
False,False,True,12,10,0.0483356486858,33993.9685659,16967.2603682,790274.93408,1912,40,percentage
False,False,True,11,9,0.044770492366,34419.6788515,17229.0340912,820744.916766,1913,40,percentage
False,False,True,8,8,0.025047240884,38012.0081929,19108.755083,885128.82785,1914,40,percentage
False,False,True,6,6,0.0155304690148,40772.5270279,20529.0406323,1151551.56353,1915,40,percentage
False,False,True,9,8,0.0357821697022,35983.171465,17957.3226385,1128235.87753,1916,40,percentage
False,False,True,7,7,0.0275751488935,37997.6978628,18770.9171499,1116080.0625,1917,40,percentage
False,False,True,1,1,0.00280733602681,54045.3679247,26631.1967678,1455873.86984,1918,40,percentage
False,False,True,1,1,0.000986848437128,59199.1870024,28815.7818754,1703020.97864,1919,40,percentage
False,False,False,0,0,0,63755.5675614,36980.5860767,1808466.22679,1920,40,percentage
False,False,False,0,0,0,88756.7106289,40000,2499385.12154,1921,40,percentage
False,False,False,0,0,0,74478.9895617,40000,2256856.98827,1922,40,percentage
False,False,False,0,0,0,62918.7867564,40000,1758956.10526,1923,40,percentage
False,False,False,0,0,0,65689.1016725,40000,1900707.13556,1924,40,percentage
False,False,False,0,0,0,59953.92512,40000,1792316.6587,1925,40,percentage
False,False,False,0,0,0,55812.8033054,40000,1646920.8522,1926,40,percentage
False,False,False,0,0,0,54335.3060227,39456.8766797,1454342.46679,1927,40,percentage
False,False,False,0,0,0,46909.1572675,33899.0861979,1255824.98667,1928,40,percentage
False,False,True,2,1,0.00133561335137,40246.1971261,28903.0266052,1057175.19236,1929,40,percentage
False,False,False,0,0,0,41854.1178243,30066.1781681,914249.735361,1930,40,percentage
False,False,False,0,0,0,46923.1609461,34335.8262295,1002066.47858,1931,40,percentage
False,False,False,0,0,0,58386.9150263,40000,1326646.05834,1932,40,percentage
False,False,False,0,0,0,54201.1707681,39599.1335003,1295983.19814,1933,40,percentage
False,False,False,0,0,0,42211.6447218,30792.6731575,816457.337033,1934,40,percentage
False,False,True,1,1,0.00245199167857,43331.0126375,27057.6099857,649382.639657,1935,40,percentage
False,False,True,5,3,0.0137404626712,36446.4565634,23032.9814195,592612.352248,1936,40,percentage
False,False,True,18,8,0.055177652567,31109.2913227,19717.0812362,551264.676965,1937,40,percentage
False,False,True,4,4,0.00928277022734,39505.7326222,25544.8274078,628139.97786,1938,40,percentage
False,False,True,8,5,0.0287105693717,35216.3885002,21528.3331736,516679.996167,1939,40,percentage
False,False,True,10,7,0.0396521667919,34254.9197446,20097.117375,482330.817001,1940,40,percentage
False,False,True,8,7,0.0361434662307,36037.7957641,20878.4257016,501082.216838,1941,40,percentage
False,False,True,7,5,0.0235976687766,40868.1134904,20787.223857,498893.372569,1942,40,percentage
False,False,True,6,5,0.0188767442933,43171.4019627,22219.2211979,613084.981185,1943,40,percentage
False,False,True,8,7,0.0275609142441,41288.9902298,21468.5839859,610395.46174,1944,40,percentage
False,False,True,10,8,0.0393647592634,39052.3563664,20598.1858121,591556.197612,1945,40,percentage
False,False,True,15,12,0.0795682359007,33077.6212071,17496.8791913,605437.071391,1946,40,percentage
False,False,True,11,9,0.0386206974326,38923.9881049,20685.3263285,842064.641376,1947,40,percentage
False,False,True,6,6,0.00933056705008,46012.1490699,24563.5147982,913993.155412,1948,40,percentage
False,False,True,1,1,0.00301160476886,49295.1257943,26386.0742774,1026979.33424,1949,40,percentage
False,False,True,6,6,0.00962940035941,45864.3048079,24511.3329115,1087378.49783,1950,40,percentage
False,False,True,7,7,0.0221644174489,42264.18973,22576.8112361,929133.429825,1951,40,percentage
False,False,True,7,7,0.0196022133197,42974.7342738,22955.2990072,1043414.56981,1952,40,percentage
False,False,True,7,7,0.0233701438705,42047.118525,22398.7018105,1059414.29846,1953,40,percentage
False,False,True,7,7,0.0177964481694,43487.9838076,23222.0459142,1156199.04989,1954,40,percentage
False,False,True,13,12,0.0568725992163,35716.3778216,19125.1023132,862088.159735,1955,40,percentage
False,False,True,17,16,0.0912574321294,31803.3035977,16963.7066756,955713.564942,1956,40,percentage
False,False,True,14,12,0.0748078742511,33641.9265016,17903.2264996,1045054.5237,1957,40,percentage
False,False,True,11,9,0.051037089268,36976.2700412,19598.7797732,1319342.52232,1958,40,percentage
False,False,True,14,12,0.0721402468339,34558.5142611,18076.7748442,1365557.13369,1959,40,percentage
False,False,True,14,12,0.0728868309182,34833.0657125,18028.2041814,1355470.68001,1960,40,percentage
False,False,True,14,12,0.072944709383,35083.5604938,18024.4387711,1347645.62467,1961,40,percentage
False,False,True,17,16,0.103065235192,32099.5781512,16363.5311903,1086773.0943,1962,40,percentage
False,False,True,15,15,0.080640626997,34356.3455245,17537.494386,1075765.95912,1963,40,percentage
False,False,True,17,16,0.0956259280008,32870.6073831,16741.6616334,1078155.13664,1964,40,percentage
False,False,True,19,18,0.111654361723,31417.8916345,15950.6080026,1052534.84576,1965,40,percentage
False,False,True,19,18,0.112974654903,31445.5628189,15892.6480969,1043250.38196,1966,40,percentage
False,False,True,16,15,0.0815182270563,34637.6855053,17485.9861894,1141122.61867,1967,40,percentage
False,False,True,16,15,0.0833515825099,34598.0374853,17385.3272793,1136298.53183,1968,40,percentage
False,False,True,16,15,0.081723322154,34930.8637757,17474.7256076,979644.792379,1969,40,percentage
False,False,True,9,8,0.0338162483608,42363.1545202,21173.6094869,1220322.10371,1970,40,percentage
False,False,True,9,8,0.0291597522648,43632.101008,21689.3166485,1319388.28422,1971,40,percentage
False,False,True,11,9,0.0421425638863,41315.814383,20377.1311689,1310260.53191,1972,40,percentage
False,False,True,13,12,0.0570254244774,39301.8111206,19114.2015296,1269214.51195,1973,40,percentage
False,False,True,7,7,0.0157618706025,49009.2832735,23522.5929001,1594956.53185,1974,40,percentage
False,False,False,0,0,0,66143.8444192,31243.9161498,2397134.38973,1975,40,percentage
False,False,True,1,1,0.000700792086067,62890.7184698,29159.0494967,2142032.21339,1976,40,percentage
False,False,True,1,1,0.00283174758026,58513.2345494,26601.9029037,1884256.87055,1977,40,percentage
False,False,False,0,0,0,67876.5516999,30295.6492261,2232225.70971,1978,40,percentage
False,False,False,0,0,0,76011.0865762,33277.5739151,2436506.9387,1979,40,percentage
False,False,False,0,0,0,82060.3910744,35179.9764993,2666661.92044,1980,40,percentage
False,False,False,0,0,0,85783.7118973,40000,2887558.7636,1981,40,percentage
False,False,False,0,0,0,66869.3739809,40000,1819983.46091,1872,40,dynamic
False,False,False,0,0,0,64316.3947096,40000,1684485.19445,1873,40,dynamic
False,False,False,0,0,0,66794.0902942,40000,1552363.03992,1874,40,dynamic
False,False,False,0,0,0,61789.6797439,39498.1607149,1312929.69804,1875,40,dynamic
False,False,False,0,0,0,59535.2852967,39400,1408923.27851,1876,40,dynamic
False,False,False,0,0,0,65887.0183234,40000,1455487.0191,1877,40,dynamic
False,False,False,0,0,0,70720.6254669,40000,1105915.69929,1878,40,dynamic
False,False,False,0,0,0,64770.5496643,40000,882638.438683,1879,40,dynamic
False,False,False,0,0,0,52518.3285816,40000,620381.840943,1880,40,dynamic
False,False,False,0,0,0,47343.5083869,40000,382858.476076,1881,40,dynamic
False,False,False,0,0,0,46996.924737,40000,434481.412394,1882,40,dynamic
False,False,False,0,0,0,47051.2351754,39400,497687.208151,1883,40,dynamic
False,False,False,0,0,0,47805.856196,40000,468425.792936,1884,40,dynamic
False,False,False,0,0,0,51865.5666999,40000,544659.464526,1885,40,dynamic
False,False,False,0,0,0,45915.4500191,39811.968715,500575.010456,1886,40,dynamic
False,False,False,0,0,0,42915.0101431,37183.0601814,467787.699813,1887,40,dynamic
False,False,False,0,0,0,45361.6363362,39254.1260598,562333.907328,1888,40,dynamic
False,False,False,0,0,0,45667.6439383,39075.6630411,650141.239644,1889,40,dynamic
False,False,False,0,0,0,44206.0443693,37232.1244121,590508.277117,1890,40,dynamic
False,False,False,0,0,0,48193.8741641,40000,562193.642306,1891,40,dynamic
False,False,False,0,0,0,44607.4652368,36766.830495,403735.389883,1892,40,dynamic
False,False,False,0,0,0,44688.3291813,36347.3470165,421513.38067,1893,40,dynamic
False,False,False,0,0,0,49410.3140334,39792.6893206,581634.164678,1894,40,dynamic
False,False,False,0,0,0,47163.9030288,37431.1799725,522593.600499,1895,40,dynamic
False,False,False,0,0,0,46922.309958,37071.6205664,605453.166965,1896,40,dynamic
False,False,False,0,0,0,47439.1614444,37523.2399667,707331.111492,1897,40,dynamic
False,False,False,0,0,0,43857.5562256,34009.953386,497149.347611,1898,40,dynamic
False,False,False,0,0,0,40073.6370267,30545.3404154,491179.132919,1899,40,dynamic
False,False,True,2,2,0.00107507929201,38492.1734393,29133.1265878,471888.344847,1900,40,dynamic
False,False,True,8,8,0.0105737483315,35907.6828542,26933.8140367,404862.616316,1901,40,dynamic
False,False,True,12,12,0.0245920214469,33931.4677295,25309.5758562,325422.693933,1902,40,dynamic
False,False,True,12,12,0.0244973667175,34077.0658806,25318.2744824,298031.491629,1903,40,dynamic
False,False,True,4,4,0.00230515367657,38167.4805602,28647.4028313,431315.20411,1904,40,dynamic
False,False,True,11,11,0.0232304855144,34306.4785466,25437.648315,392368.756372,1905,40,dynamic
False,False,True,16,16,0.0459646989678,32046.0138862,23649.7225059,340349.794002,1906,40,dynamic
False,False,True,16,16,0.0470046806553,32021.54633,23580.2512462,270420.090006,1907,40,dynamic
False,False,False,0,0,0,39367.2127514,32065.1788152,555114.966923,1908,40,dynamic
False,False,True,18,18,0.0342843707746,32080.5620757,25114.0698905,405306.359388,1909,40,dynamic
False,False,True,20,20,0.0715249638977,30245.1555266,22185.692065,270789.219931,1910,40,dynamic
False,False,True,15,12,0.0263914103114,32359.2356524,25464.0084063,480699.653062,1911,40,dynamic
False,False,True,16,13,0.0280363328827,31912.7122314,25296.0660113,472123.296068,1912,40,dynamic
False,False,True,14,13,0.0257938924564,32108.7791669,25374.3302061,486861.975389,1913,40,dynamic
False,False,False,0,0,0,35806.5294539,30868.1390665,578165.21044,1914,40,dynamic
False,False,False,0,0,0,39018.7212362,35319.2745755,811881.730823,1915,40,dynamic
False,False,True,7,7,0.0084092604274,32899.4166354,27448.2568036,707332.378162,1916,40,dynamic
False,False,False,0,0,0,35239.3902121,31037.6091563,756355.119262,1917,40,dynamic
False,False,False,0,0,0,55166.6408652,37088.6600946,1286169.75989,1918,40,dynamic
False,False,False,0,0,0,60756.5278877,38809,1535438.8359,1919,40,dynamic
False,False,False,0,0,0,66171.0880081,39400,1682370.22403,1920,40,dynamic
False,False,False,0,0,0,92989.2173126,40000,3141505.44237,1921,40,dynamic
False,False,False,0,0,0,77765.394795,40000,2351053.95418,1922,40,dynamic
False,False,False,0,0,0,64635.3938614,40000,1694867.98311,1923,40,dynamic
False,False,False,0,0,0,67853.4966286,40000,1885832.51595,1924,40,dynamic
False,False,False,0,0,0,61285.0783096,40000,1729792.33404,1925,40,dynamic
False,False,False,0,0,0,56709.8973077,40000,1510809.56245,1926,40,dynamic
False,False,False,0,0,0,55082.8258732,40000,1332042.93476,1927,40,dynamic
False,False,False,0,0,0,46946.9457551,40000,1097245.52333,1928,40,dynamic
False,False,False,0,0,0,39761.8717996,36321.8779763,892942.024688,1929,40,dynamic
False,False,False,0,0,0,41561.4242793,38077.64135,769767.328046,1930,40,dynamic
False,False,False,0,0,0,47327.8187501,39400,865066.148166,1931,40,dynamic
False,False,False,0,0,0,60237.2016314,40000,1326668.71419,1932,40,dynamic
False,False,False,0,0,0,55633.7087163,40000,1254354.65196,1933,40,dynamic
False,False,False,0,0,0,42663.836105,39368.3846206,679115.961617,1934,40,dynamic
False,False,False,0,0,0,44203.4655924,40000,525842.723391,1935,40,dynamic
False,False,False,0,0,0,37198.0432213,33565.6357041,453272.444297,1936,40,dynamic
False,False,True,20,20,0.0315314298726,31444.9615473,25298.9021596,367305.938828,1937,40,dynamic
False,False,False,0,0,0,41090.2526391,37390.5408427,467522.375921,1938,40,dynamic
False,False,False,0,0,0,36892.8175433,33080.2847148,365797.753439,1939,40,dynamic
False,False,False,0,0,0,36031.5198162,31452.7354455,316893.272348,1940,40,dynamic
False,False,False,0,0,0,38772.176711,34643.0106327,325382.459707,1941,40,dynamic
False,False,False,0,0,0,45126.3903387,39406.9127423,312394.497294,1942,40,dynamic
False,False,False,0,0,0,48643.8397312,40000,370205.219013,1943,40,dynamic
False,False,False,0,0,0,46957.0583207,38964.7378403,340243.890843,1944,40,dynamic
False,False,False,0,0,0,44777.9861067,37116.1568779,300954.793848,1945,40,dynamic
False,False,False,0,0,0,37243.1696371,31229.8826665,267739.255853,1946,40,dynamic
False,False,False,0,0,0,45306.1797891,37393.8258453,382596.045101,1947,40,dynamic
False,False,False,0,0,0,54221.0115639,40000,392221.881846,1948,40,dynamic
False,False,False,0,0,0,58602.1510848,40000,414653.029475,1949,40,dynamic
False,False,False,0,0,0,54318.9099058,40000,407875.703357,1950,40,dynamic
False,False,False,0,0,0,49997.9791963,40000,319677.123436,1951,40,dynamic
False,False,False,0,0,0,50816.0871754,40000,333291.754956,1952,40,dynamic
False,False,False,0,0,0,49614.3668985,39847.0104169,313268.348918,1953,40,dynamic
False,False,False,0,0,0,51263.6607352,40000,319399.144638,1954,40,dynamic
False,False,False,0,0,0,41691.9582813,32408.5211732,208125.118238,1955,40,dynamic
False,False,True,5,5,0.00413083696421,36738.2242522,28138.4402334,210706.982301,1956,40,dynamic
False,False,True,2,2,0.000696870909457,38546.0336535,29358.3368187,211523.214782,1957,40,dynamic
False,False,False,0,0,0,41829.209134,31854.5667258,248051.113692,1958,40,dynamic
False,False,True,3,3,0.00199828709508,38269.1355339,28760.4849999,237017.264962,1959,40,dynamic
False,False,True,4,4,0.00345241312232,37845.0264452,28310.9879156,217261.703951,1960,40,dynamic
False,False,True,5,5,0.00533940844932,37376.2856097,27857.083801,196961.723251,1961,40,dynamic
False,False,True,13,13,0.0298309056075,33652.6634265,24844.5976046,140168.563023,1962,40,dynamic
False,False,True,12,12,0.025671601422,34162.9856148,25210.3640925,328453.493094,1963,40,dynamic
False,False,True,16,16,0.0459646989678,32175.0388862,23649.7225059,312217.183891,1964,40,dynamic
False,False,True,20,20,0.0715249638977,30245.1555266,22185.692065,288348.586064,1965,40,dynamic
False,False,True,20,20,0.0715249638977,30245.1555266,22185.692065,191666.537579,1966,40,dynamic
False,False,True,17,17,0.0510586326329,31747.9992784,23325.7656293,363519.478173,1967,40,dynamic
False,False,True,20,20,0.0709494425967,30262.4211656,22267.5232978,504041.330218,1968,40,dynamic
False,False,True,20,20,0.0715249638977,30245.1555266,22185.692065,417959.613471,1969,40,dynamic
False,False,False,0,0,0,36568.4069583,30753.1932597,728019.363554,1970,40,dynamic
False,False,False,0,0,0,38480.5740078,31229.8721479,981220.554811,1971,40,dynamic
False,False,True,3,3,0.00142791112573,35702.4923157,29138.6567131,932507.585732,1972,40,dynamic
False,False,True,9,5,0.00676685449269,32755.2960493,28254.8686541,689105.573879,1973,40,dynamic
False,False,False,0,0,0,44957.4094731,33415.9324404,1433303.46123,1974,40,dynamic
False,False,False,0,0,0,64398.7712812,38794.5059177,2486714.20781,1975,40,dynamic
False,False,False,0,0,0,61155.8926351,35998.0945404,2209331.47457,1976,40,dynamic
False,False,False,0,0,0,55552.4516639,35476.387577,1834991.28165,1977,40,dynamic
False,False,False,0,0,0,67029.9908605,36532.3301932,2373876.00449,1978,40,dynamic
False,False,False,0,0,0,76596.1493814,38226.865,2694306.36069,1979,40,dynamic
False,False,False,0,0,0,83167.3153449,39400,2958556.42663,1980,40,dynamic
False,False,False,0,0,0,87529.9601221,40000,3221205.92096,1981,40,dynamic
False,False,False,0,0,0,66869.3739809,40000,1819983.46091,1872,40,floor
False,False,False,0,0,0,64316.3947096,40000,1684485.19445,1873,40,floor
False,False,False,0,0,0,66794.0902942,40000,1552363.03992,1874,40,floor
False,False,False,0,0,0,61789.6797439,39498.1607149,1312929.69804,1875,40,floor
False,False,False,0,0,0,59535.2852967,39400,1408923.27851,1876,40,floor
False,False,False,0,0,0,65887.0183234,40000,1455487.0191,1877,40,floor
False,False,False,0,0,0,70720.6254669,40000,1105915.69929,1878,40,floor
False,False,False,0,0,0,64770.5496643,40000,882638.438683,1879,40,floor
False,False,False,0,0,0,52518.3285816,40000,620381.840943,1880,40,floor
False,False,False,0,0,0,47343.5083869,40000,382858.476076,1881,40,floor
False,False,False,0,0,0,46996.924737,40000,434481.412394,1882,40,floor
False,False,False,0,0,0,47051.2351754,39400,497687.208151,1883,40,floor
False,False,False,0,0,0,47805.856196,40000,468425.792936,1884,40,floor
False,False,False,0,0,0,51865.5666999,40000,544659.464526,1885,40,floor
False,False,False,0,0,0,45915.4500191,39811.968715,500575.010456,1886,40,floor
False,False,False,0,0,0,42915.0101431,37183.0601814,467787.699813,1887,40,floor
False,False,False,0,0,0,45361.6363362,39254.1260598,562333.907328,1888,40,floor
False,False,False,0,0,0,45667.6439383,39075.6630411,650141.239644,1889,40,floor
False,False,False,0,0,0,44206.0443693,37232.1244121,590508.277117,1890,40,floor
False,False,False,0,0,0,48193.8741641,40000,562193.642306,1891,40,floor
False,False,False,0,0,0,44607.4652368,36766.830495,403735.389883,1892,40,floor
False,False,False,0,0,0,44688.3291813,36347.3470165,421513.38067,1893,40,floor
False,False,False,0,0,0,49410.3140334,39792.6893206,581634.164678,1894,40,floor
False,False,False,0,0,0,47163.9030288,37431.1799725,522593.600499,1895,40,floor
False,False,False,0,0,0,46922.309958,37071.6205664,605453.166965,1896,40,floor
False,False,False,0,0,0,47439.1614444,37523.2399667,707331.111492,1897,40,floor
False,False,False,0,0,0,43857.5562256,34009.953386,497149.347611,1898,40,floor
False,False,False,0,0,0,40073.6370267,30545.3404154,491179.132919,1899,40,floor
False,False,False,0,0,0,38524.4258181,30000,470575.631979,1900,40,floor
False,False,False,0,0,0,36224.8953041,30000,391515.513792,1901,40,floor
False,False,False,0,0,0,34669.2283729,30000,294726.448688,1902,40,floor
False,False,False,0,0,0,34811.9868822,30000,268954.877267,1903,40,floor
False,False,False,0,0,0,38236.6351705,30000,428451.925741,1904,40,floor
False,False,False,0,0,0,35003.393112,30000,361827.666235,1905,40,floor
False,False,False,0,0,0,33424.9548553,30000,264950.497197,1906,40,floor
False,False,False,0,0,0,33431.6867497,30000,204869.866349,1907,40,floor
False,False,False,0,0,0,39367.2127514,32065.1788152,555114.966923,1908,40,floor
False,False,False,0,0,0,33188.9242911,30000,361113.405198,1909,40,floor
False,False,False,0,0,0,32390.9044435,30000,174226.881434,1910,40,floor
False,False,False,0,0,0,33196.1243629,30000,441289.34664,1911,40,floor
False,False,False,0,0,0,32779.4540774,30000,431193.95814,1912,40,floor
False,False,False,0,0,0,32881.5174786,30000,450006.464661,1913,40,floor
False,False,False,0,0,0,35806.5294539,30868.1390665,578165.21044,1914,40,floor
False,False,False,0,0,0,39018.7212362,35319.2745755,811881.730823,1915,40,floor
False,False,False,0,0,0,33151.6944482,30000,693356.581921,1916,40,floor
False,False,False,0,0,0,35239.3902121,31037.6091563,756355.119262,1917,40,floor
False,False,False,0,0,0,55166.6408652,37088.6600946,1286169.75989,1918,40,floor
False,False,False,0,0,0,60756.5278877,38809,1535438.8359,1919,40,floor
False,False,False,0,0,0,66171.0880081,39400,1682370.22403,1920,40,floor
False,False,False,0,0,0,92989.2173126,40000,3141505.44237,1921,40,floor
False,False,False,0,0,0,77765.394795,40000,2351053.95418,1922,40,floor
False,False,False,0,0,0,64635.3938614,40000,1694867.98311,1923,40,floor
False,False,False,0,0,0,67853.4966286,40000,1885832.51595,1924,40,floor
False,False,False,0,0,0,61285.0783096,40000,1729792.33404,1925,40,floor
False,False,False,0,0,0,56709.8973077,40000,1510809.56245,1926,40,floor
False,False,False,0,0,0,55082.8258732,40000,1332042.93476,1927,40,floor
False,False,False,0,0,0,46946.9457551,40000,1097245.52333,1928,40,floor
False,False,False,0,0,0,39761.8717996,36321.8779763,892942.024688,1929,40,floor
False,False,False,0,0,0,41561.4242793,38077.64135,769767.328046,1930,40,floor
False,False,False,0,0,0,47327.8187501,39400,865066.148166,1931,40,floor
False,False,False,0,0,0,60237.2016314,40000,1326668.71419,1932,40,floor
False,False,False,0,0,0,55633.7087163,40000,1254354.65196,1933,40,floor
False,False,False,0,0,0,42663.836105,39368.3846206,679115.961617,1934,40,floor
False,False,False,0,0,0,44203.4655924,40000,525842.723391,1935,40,floor
False,False,False,0,0,0,37198.0432213,33565.6357041,453272.444297,1936,40,floor
False,False,False,0,0,0,32390.9044435,30000,326525.153299,1937,40,floor
False,False,False,0,0,0,41090.2526391,37390.5408427,467522.375921,1938,40,floor
False,False,False,0,0,0,36892.8175433,33080.2847148,365797.753439,1939,40,floor
False,False,False,0,0,0,36031.5198162,31452.7354455,316893.272348,1940,40,floor
False,False,False,0,0,0,38772.176711,34643.0106327,325382.459707,1941,40,floor
False,False,False,0,0,0,45126.3903387,39406.9127423,312394.497294,1942,40,floor
False,False,False,0,0,0,48643.8397312,40000,370205.219013,1943,40,floor
False,False,False,0,0,0,46957.0583207,38964.7378403,340243.890843,1944,40,floor
False,False,False,0,0,0,44777.9861067,37116.1568779,300954.793848,1945,40,floor
False,False,False,0,0,0,37243.1696371,31229.8826665,267739.255853,1946,40,floor
False,False,False,0,0,0,45306.1797891,37393.8258453,382596.045101,1947,40,floor
False,False,False,0,0,0,54221.0115639,40000,392221.881846,1948,40,floor
False,False,False,0,0,0,58602.1510848,40000,414653.029475,1949,40,floor
False,False,False,0,0,0,54318.9099058,40000,407875.703357,1950,40,floor
False,False,False,0,0,0,49997.9791963,40000,319677.123436,1951,40,floor
False,False,False,0,0,0,50816.0871754,40000,333291.754956,1952,40,floor
False,False,False,0,0,0,49614.3668985,39847.0104169,313268.348918,1953,40,floor
False,False,False,0,0,0,51263.6607352,40000,319399.144638,1954,40,floor
False,False,False,0,0,0,41691.9582813,32408.5211732,208125.118238,1955,40,floor
False,False,False,0,0,0,36862.1493611,30000,204847.642927,1956,40,floor
False,False,False,0,0,0,38566.9397808,30000,210671.545516,1957,40,floor
False,False,False,0,0,0,41829.209134,31854.5667258,248051.113692,1958,40,floor
False,False,False,0,0,0,38329.0841467,30000,234339.648308,1959,40,floor
False,False,False,0,0,0,37948.5988388,30000,212727.456906,1960,40,floor
False,False,False,0,0,0,37536.4678631,30000,189973.552634,1961,40,floor
False,False,False,0,0,0,34547.5905947,30000,93495.5887406,1962,40,floor
False,False,False,0,0,0,34933.1336574,30000,293497.994163,1963,40,floor
False,False,False,0,0,0,33553.9798553,30000,237637.484194,1964,40,floor
False,False,False,0,0,0,32390.9044435,30000,153835.305901,1965,40,floor
False,False,False,0,0,0,32390.9044435,30000,61725.2633505,1966,40,floor
False,False,False,0,0,0,33279.7582573,30000,283057.253768,1967,40,floor
False,False,False,0,0,0,32390.9044435,30000,381750.88135,1968,40,floor
False,False,False,0,0,0,32390.9044435,30000,313440.440239,1969,40,floor
False,False,False,0,0,0,36568.4069583,30753.1932597,728019.363554,1970,40,floor
False,False,False,0,0,0,38480.5740078,31229.8721479,981220.554811,1971,40,floor
False,False,False,0,0,0,35788.3574985,30000,923032.984985,1972,40,floor
False,False,False,0,0,0,32917.6471079,30000,676027.354533,1973,40,floor
False,False,False,0,0,0,44957.4094731,33415.9324404,1433303.46123,1974,40,floor
False,False,False,0,0,0,64398.7712812,38794.5059177,2486714.20781,1975,40,floor
False,False,False,0,0,0,61155.8926351,35998.0945404,2209331.47457,1976,40,floor
False,False,False,0,0,0,55552.4516639,35476.387577,1834991.28165,1977,40,floor
False,False,False,0,0,0,67029.9908605,36532.3301932,2373876.00449,1978,40,floor
False,False,False,0,0,0,76596.1493814,38226.865,2694306.36069,1979,40,floor
False,False,False,0,0,0,83167.3153449,39400,2958556.42663,1980,40,floor
False,False,False,0,0,0,87529.9601221,40000,3221205.92096,1981,40,floor
False,False,False,0,0,0,40000,40000,2688190.95827,1872,50,fixed
False,False,False,0,0,0,40000,40000,2876670.83587,1873,50,fixed
False,False,False,0,0,0,40000,40000,3030005.66177,1874,50,fixed
False,False,False,0,0,0,40000,40000,2720241.0361,1875,50,fixed
False,False,False,0,0,0,40000,40000,2656514.45685,1876,50,fixed
False,False,False,0,0,0,40000,40000,3589358.75769,1877,50,fixed
False,False,False,0,0,0,40000,40000,4802532.65825,1878,50,fixed
False,False,False,0,0,0,40000,40000,4614164.60394,1879,50,fixed
False,False,False,0,0,0,40000,40000,2429283.2076,1880,50,fixed
False,False,False,0,0,0,40000,40000,1359261.34791,1881,50,fixed
False,False,False,0,0,0,40000,40000,1046944.96027,1882,50,fixed
False,False,False,0,0,0,40000,40000,1122566.24385,1883,50,fixed
False,False,False,0,0,0,40000,40000,1569961.69158,1884,50,fixed
False,False,False,0,0,0,40000,40000,2179707.38677,1885,50,fixed
False,False,False,0,0,0,40000,40000,1417045.96756,1886,50,fixed
False,False,False,0,0,0,40000,40000,957579.093477,1887,50,fixed
False,False,False,0,0,0,40000,40000,1194119.95864,1888,50,fixed
False,False,False,0,0,0,40000,40000,1382879.76147,1889,50,fixed
False,False,False,0,0,0,40000,40000,1134632.87199,1890,50,fixed
False,False,False,0,0,0,40000,40000,1804603.53453,1891,50,fixed
False,False,False,0,0,0,40000,40000,1005040.59109,1892,50,fixed
False,False,False,0,0,0,40000,40000,972949.339847,1893,50,fixed
False,False,False,0,0,0,40000,40000,1782870.94122,1894,50,fixed
False,False,False,0,0,0,40000,40000,1519922.36973,1895,50,fixed
False,False,False,0,0,0,40000,40000,1741354.69319,1896,50,fixed
False,False,False,0,0,0,40000,40000,1561436.2874,1897,50,fixed
False,False,False,0,0,0,40000,40000,843174.669857,1898,50,fixed
False,False,False,0,0,0,40000,40000,300143.07308,1899,50,fixed
False,False,False,0,0,0,40000,40000,95886.0557616,1900,50,fixed
True,True,True,7,7,0.133629005241,34591.1298428,0,0,1901,50,fixed
True,True,True,13,13,0.256244101407,29712.6769578,0,0,1902,50,fixed
True,True,True,12,12,0.24,30250.2401706,0,0,1903,50,fixed
False,False,False,0,0,0,40000,40000,176674.96957,1904,50,fixed
True,True,True,10,10,0.18800460062,32359.8619814,0,0,1905,50,fixed
True,True,True,18,18,0.350058510774,25898.2446768,0,0,1906,50,fixed
True,True,True,18,18,0.353005623903,25809.8312829,0,0,1907,50,fixed
False,False,False,0,0,0,40000,40000,770155.312173,1908,50,fixed
True,True,True,13,13,0.250888939056,29873.3318283,0,0,1909,50,fixed
True,True,True,20,20,0.399118793121,24026.4362064,0,0,1910,50,fixed
True,True,True,12,12,0.24,30368.202187,0,0,1911,50,fixed
True,True,True,14,14,0.263741410313,29287.7576906,0,0,1912,50,fixed
True,True,True,13,13,0.257531493596,29674.0551921,0,0,1913,50,fixed
False,False,False,0,0,0,40000,40000,76338.1259227,1914,50,fixed
False,False,False,0,0,0,40000,40000,708026.935373,1915,50,fixed
True,True,True,12,12,0.222648900973,30920.5329708,0,0,1916,50,fixed
True,True,True,3,3,0.06,37564.1816502,0,0,1917,50,fixed
False,False,False,0,0,0,40000,40000,3571460.22567,1918,50,fixed
False,False,False,0,0,0,40000,40000,4668735.66776,1919,50,fixed
False,False,False,0,0,0,40000,40000,4810435.09736,1920,50,fixed
False,False,False,0,0,0,40000,40000,9105680.20225,1921,50,fixed
False,False,False,0,0,0,40000,40000,6960925.43039,1922,50,fixed
False,False,False,0,0,0,40000,40000,5105783.71903,1923,50,fixed
False,False,False,0,0,0,40000,40000,4525350.99134,1924,50,fixed
False,False,False,0,0,0,40000,40000,2744456.51629,1925,50,fixed
False,False,False,0,0,0,40000,40000,2390099.32531,1926,50,fixed
False,False,False,0,0,0,40000,40000,2368049.96524,1927,50,fixed
False,False,False,0,0,0,40000,40000,1182725.04794,1928,50,fixed
False,False,False,0,0,0,40000,40000,340597.948352,1929,50,fixed
False,False,False,0,0,0,40000,40000,473852.773702,1930,50,fixed
False,False,False,0,0,0,40000,40000,968478.706943,1931,50,fixed
False,False,False,0,0,0,40000,40000,1785942.26908,1932,50,fixed
False,False,False,0,0,0,40000,40000,1626683.66039,1933,50,fixed
False,False,False,0,0,0,40000,40000,489286.24672,1934,50,fixed
False,False,False,0,0,0,40000,40000,615613.463181,1935,50,fixed
True,True,True,2,2,0.04,38265.430224,0,0,1936,50,fixed
True,True,True,13,13,0.26,29529.2737117,0,0,1937,50,fixed
False,False,False,0,0,0,40000,40000,325941.963523,1938,50,fixed
True,True,True,5,5,0.1,35811.861051,0,0,1939,50,fixed
True,True,True,7,7,0.14,34241.531647,0,0,1940,50,fixed
True,True,True,2,2,0.0361738372238,38514.7848833,0,0,1941,50,fixed
False,False,False,0,0,0,40000,40000,836542.296169,1942,50,fixed
False,False,False,0,0,0,40000,40000,1363739.58787,1943,50,fixed
False,False,False,0,0,0,40000,40000,1139470.70534,1944,50,fixed
False,False,False,0,0,0,40000,40000,681085.576161,1945,50,fixed
True,True,True,8,8,0.157595246046,33672.1426186,0,0,1946,50,fixed
False,False,False,0,0,0,40000,40000,953749.657747,1947,50,fixed
False,False,False,0,0,0,40000,40000,3129276.30919,1948,50,fixed
False,False,False,0,0,0,40000,40000,4608939.06634,1949,50,fixed
False,False,False,0,0,0,40000,40000,3586903.61685,1950,50,fixed
False,False,False,0,0,0,40000,40000,2548250.80875,1951,50,fixed
False,False,False,0,0,0,40000,40000,2481454.18384,1952,50,fixed
False,False,False,0,0,0,40000,40000,2078927.84638,1953,50,fixed
False,False,False,0,0,0,40000,40000,2543176.59046,1954,50,fixed
False,False,False,0,0,0,40000,40000,535527.04859,1955,50,fixed
True,True,True,12,12,0.221682565612,30949.5230316,0,0,1956,50,fixed
True,True,True,4,4,0.0647766891045,37256.6993269,0,0,1957,50,fixed
False,False,False,0,0,0,40000,40000,617169.972018,1958,50,fixed
True,True,True,4,4,0.08,36646.1697587,0,0,1959,50,fixed
True,True,True,6,6,0.12,35175.9516083,0,0,1960,50,fixed
True,True,True,8,8,0.157917329561,33662.4801132,0,0,1961,50,fixed
True,True,True,20,20,0.387943855439,24361.6843368,0,0,1962,50,fixed
True,True,True,15,15,0.297373280918,28078.8015725,0,0,1963,50,fixed
True,True,True,21,21,0.401515605207,23754.5318438,0,0,1964,50,fixed
True,True,True,25,25,0.480079252229,20597.6224331,0,0,1965,50,fixed
True,True,True,26,26,0.501864926208,19744.0522137,0,0,1966,50,fixed
True,True,True,21,21,0.411111237212,23466.6628836,0,0,1967,50,fixed
True,True,True,22,22,0.44,22220.5908095,0,0,1968,50,fixed
True,True,True,23,23,0.441702826636,22148.9152009,0,0,1969,50,fixed
False,False,False,0,0,0,40000,40000,424101.911067,1970,50,fixed
False,False,False,0,0,0,40000,40000,694058.557052,1971,50,fixed
False,False,False,0,0,0,63162.8279684,30540.7993758,888232.954207,1872,50,percentage
False,False,True,1,1,0.000684877696961,59981.8881926,28972.6834546,1005729.52418,1873,50,percentage
False,False,True,1,1,0.000201945309472,61386.1985243,29697.0820358,1004367.79249,1874,50,percentage
False,False,True,1,1,0.00185701527122,56300.5746977,27214.4770932,1021799.71572,1875,50,percentage
False,False,True,1,1,0.00269859790731,53843.3366035,25952.103139,1058411.87222,1876,50,percentage
False,False,True,1,1,0.00115098139419,58788.3372383,28273.5279087,1196557.19776,1877,50,percentage
False,False,True,1,1,0.000189078649285,62052.5185599,29716.3820261,1463820.57337,1878,50,percentage
False,False,True,1,1,0.00179747810163,57362.086179,27303.7828476,1565895.60102,1879,50,percentage
False,False,True,2,2,0.00700379405981,47254.0457906,22377.267805,1229745.97676,1880,50,percentage
False,False,True,6,6,0.0143916343403,42616.894196,20153.6215477,985482.421875,1881,50,percentage
False,False,True,6,6,0.0153252191062,42073.6079851,19975.462233,794739.629996,1882,50,percentage
False,False,True,6,6,0.0155376609092,41885.2395448,19934.9212051,860339.908934,1883,50,percentage
False,False,True,6,6,0.0141832100364,42568.9784746,20193.3959019,1109737.97167,1884,50,percentage
False,False,True,3,3,0.00806559243068,46085.8126855,21879.9055566,1163834.16546,1885,50,percentage
False,False,True,6,6,0.0180986998654,41169.1976664,19446.1889956,1214242.33593,1886,50,percentage
False,False,True,8,8,0.026912614835,38818.873033,18170.1496207,1303973.84488,1887,50,percentage
False,False,True,6,6,0.0191646479439,41135.8134616,19242.7703172,1081886.64713,1888,50,percentage
False,False,True,6,6,0.0183529950446,41605.4822109,19397.6609384,1204998.18989,1889,50,percentage
False,False,True,8,8,0.0224330945744,40526.3217313,18781.7293979,1179924.9292,1890,50,percentage
False,False,True,6,6,0.0125579531351,44273.5486607,20503.5494802,1205547.55774,1891,50,percentage
False,False,True,8,8,0.0206398737573,41124.7236385,19026.5541836,975223.013371,1892,50,percentage
False,False,True,8,8,0.0203979383426,41205.7392441,19059.585133,917572.067205,1893,50,percentage
False,False,True,4,3,0.00994288665469,45633.8552532,21145.6902635,1054016.34991,1894,50,percentage
False,False,True,6,6,0.0139977414545,43730.357485,20228.7895337,1054916.50097,1895,50,percentage
False,False,True,6,6,0.0145224938662,43708.1160999,20128.6491571,1219960.07258,1896,50,percentage
False,False,True,6,6,0.0131635730307,44233.5724162,20387.9768728,1045215.7912,1897,50,percentage
False,False,True,8,8,0.0208215120458,41060.2433172,19001.755478,824103.265764,1898,50,percentage
False,False,True,11,9,0.032807776767,37630.2689582,17510.4682977,710918.214716,1899,50,percentage
False,False,True,12,10,0.0385149595492,36247.1048915,16980.2016245,742246.439735,1900,50,percentage
False,False,True,15,10,0.0519822598169,33996.1047371,16018.0400798,757435.637307,1901,50,percentage
False,False,True,16,10,0.0633973098566,32269.7126561,15294.5066778,712363.987721,1902,50,percentage
False,False,True,15,10,0.0605040031456,32515.9387847,15467.6696664,736838.245585,1903,50,percentage
False,False,True,9,8,0.0291574181625,37262.3879564,17894.24988,828872.229129,1904,50,percentage
False,False,True,15,10,0.0479033692714,33839.0729781,16281.4721721,913289.377339,1905,50,percentage
False,False,True,18,10,0.0668996210063,31460.6780866,15125.7036533,950328.83677,1906,50,percentage
False,False,True,18,10,0.0669264416728,31569.7272305,15124.3195491,899260.881761,1907,50,percentage
False,False,True,6,6,0.0155251561754,41256.5208654,19937.3075281,1089932.43218,1908,50,percentage
False,False,True,15,10,0.0449946451821,34131.1885311,16469.3299399,973342.125957,1909,50,percentage
False,False,True,18,10,0.0651182985198,31603.4213435,15217.6303718,901817.968264,1910,50,percentage
False,False,True,11,9,0.0379636713508,35275.1170506,17028.1719336,1012671.07504,1911,50,percentage
False,False,True,12,10,0.0386685189486,35253.842791,16967.2603682,1104677.5667,1912,50,percentage
False,False,True,11,9,0.0358163938928,35910.903989,17229.0340912,1051339.91247,1913,50,percentage
False,False,True,8,8,0.0200377927072,39978.8051137,19108.755083,1221478.47653,1914,50,percentage
False,False,True,6,6,0.0124243752118,43084.5367083,20529.0406323,1374838.15396,1915,50,percentage
False,False,True,9,8,0.0286257357618,38003.6800759,17957.3226385,1202385.24928,1916,50,percentage
False,False,True,7,7,0.0220601191148,40058.6322254,18770.9171499,1146954.69758,1917,50,percentage
False,False,True,1,1,0.00224586882144,57091.7524861,26631.1967678,1635492.67131,1918,50,percentage
False,False,True,1,1,0.000789478749702,62388.2289702,28815.7818754,1747233.06281,1919,50,percentage
False,False,False,0,0,0,66695.3479051,36980.5860767,1538303.24674,1920,50,percentage
False,False,False,0,0,0,92260.9737704,40000,2074877.55255,1921,50,percentage
False,False,False,0,0,0,76751.4722526,40000,1820905.15091,1922,50,percentage
False,False,False,0,0,0,64475.5443174,40000,1595868.51747,1923,50,percentage
False,False,False,0,0,0,66665.3814101,40000,1333701.14276,1924,50,percentage
False,False,False,0,0,0,59937.5994742,38228.0642843,917473.542824,1925,50,percentage
False,False,False,0,0,0,55036.2152513,35133.4794416,903944.370699,1926,50,percentage
False,False,False,0,0,0,53098.7942756,33998.2373939,950547.757539,1927,50,percentage
False,False,True,2,1,0.000575742468941,45353.3619218,29209.3362927,718249.200094,1928,50,percentage
False,False,True,7,5,0.0148021074275,38453.9681774,23267.8864843,558429.275622,1929,50,percentage
False,False,True,5,3,0.0150996326118,39688.7012996,22923.4470724,550162.729737,1930,50,percentage
False,False,True,5,4,0.00902583703302,44148.493192,25022.2187957,600533.251097,1931,50,percentage
False,False,True,1,1,0.00204452540895,54367.171708,26933.2118866,646397.085278,1932,50,percentage
False,False,True,4,4,0.00526044829071,49952.7402201,24964.0598868,688822.0811,1933,50,percentage
False,False,True,9,7,0.0366793228048,38674.7280948,19412.2969072,551931.042212,1934,50,percentage
False,False,True,10,8,0.0347386998357,39711.9107363,20201.2906081,580157.823993,1935,50,percentage
False,False,True,15,12,0.0677121883329,33455.5707048,17196.4911709,595042.87244,1936,50,percentage
False,False,True,28,14,0.120155797942,28607.0227815,14720.8304136,599260.102844,1937,50,percentage
False,False,True,13,12,0.0460954244263,36491.4952281,19071.8427189,709651.442367,1938,50,percentage
False,False,True,18,15,0.0717808691698,32708.73839,17203.6331719,669587.129776,1939,50,percentage
False,False,True,19,16,0.0760974599919,32099.5492019,16957.2511553,752262.243559,1940,50,percentage
False,False,True,15,12,0.0588027384901,34033.4190905,18061.2983365,743300.543862,1941,50,percentage
False,False,True,11,9,0.0299650196623,39054.6147653,20787.223857,944866.465546,1942,50,percentage
False,False,True,8,7,0.0198278378893,41700.2507907,22219.2211979,1050925.22044,1943,50,percentage
False,False,True,9,8,0.0249222582914,40334.4116539,21468.5839859,1068896.19023,1944,50,percentage
False,False,True,11,9,0.0316931889166,38529.788582,20598.1858121,928489.260339,1945,50,percentage
False,False,True,18,15,0.0668680050106,32969.6471807,17496.8791913,985751.823408,1946,50,percentage
False,False,True,11,9,0.0308965579461,39137.0979697,20685.3263285,1207452.40274,1947,50,percentage
False,False,True,6,6,0.00746445364006,46923.4172333,24563.5147982,1653556.49413,1948,50,percentage
False,False,True,1,1,0.00240928381509,51105.4460033,26386.0742774,1993258.87886,1949,50,percentage
False,False,True,6,6,0.00770352028753,48161.2886724,24511.3329115,1842911.95925,1950,50,percentage
False,False,True,7,7,0.0177315339591,45008.3577483,22576.8112361,1688015.99138,1951,50,percentage
False,False,True,7,7,0.0156817706557,46165.4603553,22955.2990072,1524560.9913,1952,50,percentage
False,False,True,7,7,0.0186961150964,45399.7193246,22398.7018105,1373956.87239,1953,50,percentage
False,False,True,7,7,0.0142371585355,47267.508165,23222.0459142,1495488.837,1954,50,percentage
False,False,True,13,12,0.045498079373,39182.2191383,19125.1023132,1262010.61489,1955,50,percentage
False,False,True,17,16,0.0730059457035,34984.3232871,16963.7066756,1113558.50585,1956,50,percentage
False,False,True,14,12,0.0598462994009,37086.4265124,17903.2264996,1168351.41493,1957,50,percentage
False,False,True,11,9,0.0408296714144,40685.3625108,19598.7797732,1280968.96447,1958,50,percentage
False,False,True,14,12,0.0577121974671,37595.3473618,18076.7748442,1013396.07481,1959,50,percentage
False,False,True,14,12,0.0583094647346,37524.5650324,18028.2041814,1039039.47348,1960,50,percentage
False,False,True,14,12,0.0583557675064,37513.6132681,18024.4387711,1096449.17494,1961,50,percentage
False,False,True,17,16,0.0824521881534,34227.1069693,16363.5311903,1052183.88711,1962,50,percentage
False,False,True,15,15,0.0645125015976,36719.6977361,17537.494386,1164518.55671,1963,50,percentage
False,False,True,17,16,0.0765007424006,35159.5652253,16741.6616334,1135173.43473,1964,50,percentage
False,False,True,19,18,0.0893234893786,33721.312968,15950.6080026,1223782.28123,1965,50,percentage
False,False,True,19,18,0.0903797239224,33815.770692,15892.6480969,1167478.52784,1966,50,percentage
False,False,True,16,15,0.065214581645,37318.8192363,17485.9861894,1238561.38168,1967,50,percentage
False,False,True,16,15,0.066681266008,37352.3519184,17385.3272793,1280975.17353,1968,50,percentage
False,False,True,16,15,0.0653786577232,37918.2030546,17474.7256076,1279458.96247,1969,50,percentage
False,False,True,9,8,0.0270529986886,46295.6750412,21173.6094869,1604971.45693,1970,50,percentage
False,False,True,9,8,0.0233278018119,47968.0908414,21689.3166485,1745528.85583,1971,50,percentage
False,False,False,0,0,0,68663.6123543,40000,691908.324411,1872,50,dynamic
False,False,False,0,0,0,65597.3642112,40000,748386.476806,1873,50,dynamic
False,False,False,0,0,0,67767.4078668,40000,714446.800829,1874,50,dynamic
False,False,False,0,0,0,62305.7122735,39498.1607149,693362.712048,1875,50,dynamic
False,False,False,0,0,0,59671.1771286,39400,688854.838831,1876,50,dynamic
False,False,False,0,0,0,65784.8444345,40000,759724.491107,1877,50,dynamic
False,False,False,0,0,0,70642.9378699,40000,940409.460135,1878,50,dynamic
False,False,False,0,0,0,64170.5271969,40000,959259.129167,1879,50,dynamic
False,False,False,0,0,0,51541.0809664,40000,705117.869033,1880,50,dynamic
False,False,False,0,0,0,46263.7767199,39150.0708212,545129.488466,1881,50,dynamic
False,False,False,0,0,0,45786.2690247,38215.5770132,419644.029069,1882,50,dynamic
False,False,False,0,0,0,45727.7141385,37739.5431322,437658.418465,1883,50,dynamic
False,False,False,0,0,0,46323.434031,37702.3160185,551079.996308,1884,50,dynamic
False,False,False,0,0,0,50186.8473971,40000,566492.022426,1885,50,dynamic
False,False,False,0,0,0,44256.1488833,35112.3995749,573455.198276,1886,50,dynamic
False,False,False,0,0,0,41253.5731802,32301.9109834,608906.550168,1887,50,dynamic
False,False,False,0,0,0,43520.7310935,33747.9671579,493319.695718,1888,50,dynamic
False,False,False,0,0,0,43732.6605954,33594.5370679,540211.219237,1889,50,dynamic
False,False,False,0,0,0,42223.7629897,32009.590787,518480.320682,1890,50,dynamic
False,False,False,0,0,0,45993.1169238,34712.1178357,521784.208715,1891,50,dynamic
False,False,False,0,0,0,42459.1829191,31609.5634419,406425.984685,1892,50,dynamic
False,False,False,0,0,0,42446.5965406,31248.9207254,367843.490364,1893,50,dynamic
False,False,False,0,0,0,46858.8877445,34210.9863883,406734.524253,1894,50,dynamic
False,False,False,0,0,0,44626.7200691,32180.724912,391127.307326,1895,50,dynamic
False,False,False,0,0,0,44367.2073321,31871.6007448,444232.064978,1896,50,dynamic
False,False,False,0,0,0,44863.8861569,32259.8716915,369958.628317,1897,50,dynamic
False,False,True,2,2,0.00071729702368,41351.3819184,29239.3922657,270751.094601,1898,50,dynamic
False,False,True,9,9,0.0124886548617,37685.9931817,26260.7590243,214472.259247,1899,50,dynamic
False,False,True,12,12,0.0219625780846,36160.6633119,25046.6358057,207863.929353,1900,50,dynamic
False,False,True,18,18,0.0430668088673,33687.9119773,23155.8198535,196687.619072,1901,50,dynamic
False,False,True,22,22,0.0642553697452,31807.721606,21759.4128442,170765.392853,1902,50,dynamic
False,False,True,22,22,0.064126230399,31925.8025938,21766.891318,162999.264468,1903,50,dynamic
False,False,True,14,14,0.0259293163772,35811.4286451,24629.0443058,291836.843785,1904,50,dynamic
False,False,True,21,21,0.0623796877926,32131.3238558,21869.5206359,300394.615071,1905,50,dynamic
False,False,True,26,26,0.091546155848,29993.5792088,20332.3863893,178950.693756,1906,50,dynamic
False,False,True,26,26,0.0928047426346,29961.2071207,20272.6598325,141621.173289,1907,50,dynamic
False,False,True,5,3,0.00194430827606,37511.6602091,28846.111617,643864.018767,1908,50,dynamic
False,False,True,28,28,0.0692924178782,30408.5020228,22936.8873434,553474.835355,1909,50,dynamic
False,False,True,30,30,0.120984524188,28283.1878292,19073.7148509,271378.252546,1910,50,dynamic
False,False,True,25,22,0.0577863047811,30787.193226,23970.2018383,582030.680552,1911,50,dynamic
False,False,True,26,23,0.0574519220014,30479.4841143,24174.7325111,643722.512339,1912,50,dynamic
False,False,True,24,23,0.0523699316615,30734.9788026,24618.8095242,614256.03905,1913,50,dynamic
False,False,False,0,0,0,34924.5132152,30405.1169805,794694.611628,1914,50,dynamic
False,False,False,0,0,0,38608.7172359,35319.2745755,967152.283918,1915,50,dynamic
False,False,True,15,15,0.0152854770578,32115.3732649,27448.2568036,751479.239843,1916,50,dynamic
False,False,False,0,0,0,34800.7513173,31037.6091563,772876.753615,1917,50,dynamic
False,False,False,0,0,0,56505.0691062,37088.6600946,1438464.33991,1918,50,dynamic
False,False,False,0,0,0,62374.9166038,38809,1564314.57041,1919,50,dynamic
False,False,False,0,0,0,68074.5246268,39400,1405611.64598,1920,50,dynamic
False,False,False,0,0,0,102677.76563,40000,2531473.9772,1921,50,dynamic
False,False,False,0,0,0,81479.8484389,40000,1822759.32914,1922,50,dynamic
False,False,False,0,0,0,66504.5537773,40000,1469872.99803,1923,50,dynamic
False,False,False,0,0,0,69886.1448608,40000,1244646.07249,1924,50,dynamic
False,False,False,0,0,0,62505.3976321,40000,804666.202281,1925,50,dynamic
False,False,False,0,0,0,56964.6834194,40000,730844.914554,1926,50,dynamic
False,False,False,0,0,0,55139.1725106,40000,750260.403219,1927,50,dynamic
False,False,False,0,0,0,46519.4127578,40000,522952.84878,1928,50,dynamic
False,False,False,0,0,0,39104.179347,34043.1915884,376445.460197,1929,50,dynamic
False,False,False,0,0,0,40781.7294891,35153.4734506,354179.026987,1930,50,dynamic
False,False,False,0,0,0,46477.1503078,39400,377617.771531,1931,50,dynamic
False,False,False,0,0,0,60523.8051735,40000,437036.070492,1932,50,dynamic
False,False,False,0,0,0,55466.1204141,40000,420985.640636,1933,50,dynamic
False,False,False,0,0,0,41462.1295126,34212.9656503,272664.976767,1934,50,dynamic
False,False,False,0,0,0,42934.6997848,35337.0545024,265492.610718,1935,50,dynamic
False,False,True,3,3,0.00140183534524,35941.9190069,28857.3988286,247399.536231,1936,50,dynamic
False,False,True,30,30,0.0698724403428,29816.5503445,21750.2363423,210241.681318,1937,50,dynamic
False,False,False,0,0,0,39760.313189,32145.786215,268213.322874,1938,50,dynamic
False,False,True,4,4,0.00240961089636,35608.3267724,28440.1278079,234051.142882,1939,50,dynamic
False,False,True,7,7,0.00789562446702,34619.4603481,27040.8741548,241196.552726,1940,50,dynamic
False,False,True,1,1,0.000144232765023,37399.7005469,29783.6508525,230845.21242,1941,50,dynamic
False,False,False,0,0,0,43680.8449,35373.4807571,284863.683492,1942,50,dynamic
False,False,False,0,0,0,47200.4925186,38666.8218038,303989.968072,1943,50,dynamic
False,False,False,0,0,0,45430.4903333,36704.0514583,284526.2188,1944,50,dynamic
False,False,False,0,0,0,43201.7296967,34438.2820565,221160.092021,1945,50,dynamic
False,False,True,8,8,0.00893461811426,35547.726113,26849.2808366,201053.466187,1946,50,dynamic
False,False,False,0,0,0,43536.5638849,34028.9023741,245174.066573,1947,50,dynamic
False,False,False,0,0,0,52036.730035,40000,314707.656125,1948,50,dynamic
False,False,False,0,0,0,56163.7732528,40000,356986.425397,1949,50,dynamic
False,False,False,0,0,0,51879.0794892,39313.3245132,301694.871871,1950,50,dynamic
False,False,False,0,0,0,47596.5184955,35459.3625216,250713.14706,1951,50,dynamic
False,False,False,0,0,0,48277.2346829,35581.7731023,200745.694694,1952,50,dynamic
False,False,False,0,0,0,47032.1371062,34257.6878885,154523.03384,1953,50,dynamic
False,False,False,0,0,0,48601.3144884,35423.1979836,141974.477386,1954,50,dynamic
False,False,True,5,5,0.00425259747832,39323.8866224,27862.5922412,93145.1373078,1955,50,dynamic
False,False,True,15,15,0.0305152443025,34574.2621598,24191.4736663,60888.3486139,1956,50,dynamic
False,False,True,12,12,0.0202770652726,36245.2398664,25240.2558971,41549.2234719,1957,50,dynamic
False,False,True,7,7,0.00620789621086,39331.6374363,27386.3407391,20362.5287628,1958,50,dynamic
True,True,True,13,13,0.0303561213337,35752.5836774,16676.2134236,0,1959,50,dynamic
True,True,True,14,14,0.0505027626757,34843.7961908,0,0,1960,50,dynamic
True,True,True,15,15,0.0707433945295,33906.8724546,0,0,1961,50,dynamic
True,True,True,23,23,0.119525963554,30052.2935692,0,0,1962,50,dynamic
False,False,True,22,22,0.0657282623634,31974.659055,21674.1174708,237854.644318,1963,50,dynamic
False,False,True,26,26,0.091546155848,30096.7992088,20332.3863893,210760.412699,1964,50,dynamic
False,False,True,30,30,0.120984524188,28283.1878292,19073.7148509,205550.168494,1965,50,dynamic
False,False,True,30,30,0.120984524188,28283.1878292,19073.7148509,38410.7422664,1966,50,dynamic
False,False,True,27,27,0.0976106213795,29695.4879645,20053.8708005,306800.032242,1967,50,dynamic
False,False,True,30,30,0.110451383709,28599.1820435,20862.1480175,556750.739973,1968,50,dynamic
False,False,True,30,30,0.112460407841,28538.9113196,20645.0348094,536155.496969,1969,50,dynamic
False,False,False,0,0,0,36636.4252021,30753.1932597,957992.629684,1970,50,dynamic
False,False,False,0,0,0,40447.5926491,31229.8721479,1301464.31961,1971,50,dynamic
False,False,False,0,0,0,68663.6123543,40000,691908.324411,1872,50,floor
False,False,False,0,0,0,65597.3642112,40000,748386.476806,1873,50,floor
False,False,False,0,0,0,67767.4078668,40000,714446.800829,1874,50,floor
False,False,False,0,0,0,62305.7122735,39498.1607149,693362.712048,1875,50,floor
False,False,False,0,0,0,59671.1771286,39400,688854.838831,1876,50,floor
False,False,False,0,0,0,65784.8444345,40000,759724.491107,1877,50,floor
False,False,False,0,0,0,70642.9378699,40000,940409.460135,1878,50,floor
False,False,False,0,0,0,64170.5271969,40000,959259.129167,1879,50,floor
False,False,False,0,0,0,51541.0809664,40000,705117.869033,1880,50,floor
False,False,False,0,0,0,46263.7767199,39150.0708212,545129.488466,1881,50,floor
False,False,False,0,0,0,45786.2690247,38215.5770132,419644.029069,1882,50,floor
False,False,False,0,0,0,45727.7141385,37739.5431322,437658.418465,1883,50,floor
False,False,False,0,0,0,46323.434031,37702.3160185,551079.996308,1884,50,floor
False,False,False,0,0,0,50186.8473971,40000,566492.022426,1885,50,floor
False,False,False,0,0,0,44256.1488833,35112.3995749,573455.198276,1886,50,floor
False,False,False,0,0,0,41253.5731802,32301.9109834,608906.550168,1887,50,floor
False,False,False,0,0,0,43520.7310935,33747.9671579,493319.695718,1888,50,floor
False,False,False,0,0,0,43732.6605954,33594.5370679,540211.219237,1889,50,floor
False,False,False,0,0,0,42223.7629897,32009.590787,518480.320682,1890,50,floor
False,False,False,0,0,0,45993.1169238,34712.1178357,521784.208715,1891,50,floor
False,False,False,0,0,0,42459.1829191,31609.5634419,406425.984685,1892,50,floor
False,False,False,0,0,0,42446.5965406,31248.9207254,367843.490364,1893,50,floor
False,False,False,0,0,0,46858.8877445,34210.9863883,406734.524253,1894,50,floor
False,False,False,0,0,0,44626.7200691,32180.724912,391127.307326,1895,50,floor
False,False,False,0,0,0,44367.2073321,31871.6007448,444232.064978,1896,50,floor
False,False,False,0,0,0,44863.8861569,32259.8716915,369958.628317,1897,50,floor
False,False,False,0,0,0,41372.9008291,30000,269712.604569,1898,50,floor
False,False,False,0,0,0,38060.6528275,30000,196899.799959,1899,50,floor
False,False,False,0,0,0,36819.5406545,30000,173282.835359,1900,50,floor
False,False,False,0,0,0,34979.9162433,30000,120195.520245,1901,50,floor
False,False,False,0,0,0,33735.3826983,30000,51232.2603905,1902,50,floor
False,False,False,0,0,0,33849.5895057,30000,40355.6024177,1903,50,floor
False,False,False,0,0,0,36589.3081364,30000,246230.823249,1904,50,floor
False,False,False,0,0,0,34002.7144896,30000,159095.5194,1905,50,floor
True,True,True,3,3,0.0411264452751,31506.1705259,0,0,1906,50,floor
True,True,True,3,3,0.0599854898668,30945.7847037,0,0,1907,50,floor
False,False,False,0,0,0,37588.3222699,30000,639579.074078,1908,50,floor
False,False,False,0,0,0,32551.1394329,30000,369731.28584,1909,50,floor
True,True,True,2,2,0.0348242865257,30867.994959,0,0,1910,50,floor
False,False,False,0,0,0,32556.8994903,30000,434510.553156,1911,50,floor
False,False,False,0,0,0,32223.5632619,30000,483211.574798,1912,50,floor
False,False,False,0,0,0,32305.2139829,30000,481484.810878,1913,50,floor
False,False,False,0,0,0,34924.5132152,30405.1169805,794694.611628,1914,50,floor
False,False,False,0,0,0,38608.7172359,35319.2745755,967152.283918,1915,50,floor
False,False,False,0,0,0,32521.3555586,30000,712891.325513,1916,50,floor
False,False,False,0,0,0,34800.7513173,31037.6091563,772876.753615,1917,50,floor
False,False,False,0,0,0,56505.0691062,37088.6600946,1438464.33991,1918,50,floor
False,False,False,0,0,0,62374.9166038,38809,1564314.57041,1919,50,floor
False,False,False,0,0,0,68074.5246268,39400,1405611.64598,1920,50,floor
False,False,False,0,0,0,102677.76563,40000,2531473.9772,1921,50,floor
False,False,False,0,0,0,81479.8484389,40000,1822759.32914,1922,50,floor
False,False,False,0,0,0,66504.5537773,40000,1469872.99803,1923,50,floor
False,False,False,0,0,0,69886.1448608,40000,1244646.07249,1924,50,floor
False,False,False,0,0,0,62505.3976321,40000,804666.202281,1925,50,floor
False,False,False,0,0,0,56964.6834194,40000,730844.914554,1926,50,floor
False,False,False,0,0,0,55139.1725106,40000,750260.403219,1927,50,floor
False,False,False,0,0,0,46519.4127578,40000,522952.84878,1928,50,floor
False,False,False,0,0,0,39104.179347,34043.1915884,376445.460197,1929,50,floor
False,False,False,0,0,0,40781.7294891,35153.4734506,354179.026987,1930,50,floor
False,False,False,0,0,0,46477.1503078,39400,377617.771531,1931,50,floor
False,False,False,0,0,0,60523.8051735,40000,437036.070492,1932,50,floor
False,False,False,0,0,0,55466.1204141,40000,420985.640636,1933,50,floor
False,False,False,0,0,0,41462.1295126,34212.9656503,272664.976767,1934,50,floor
False,False,False,0,0,0,42934.6997848,35337.0545024,265492.610718,1935,50,floor
False,False,False,0,0,0,35983.9740673,30000,245035.041726,1936,50,floor
False,False,False,0,0,0,31912.7235548,30000,34642.1540638,1937,50,floor
False,False,False,0,0,0,39760.313189,32145.786215,268213.322874,1938,50,floor
False,False,False,0,0,0,35680.6150992,30000,230244.745678,1939,50,floor
False,False,False,0,0,0,34856.3290821,30000,226068.65072,1940,50,floor
False,False,False,0,0,0,37404.0275298,30000,230628.863272,1941,50,floor
False,False,False,0,0,0,43680.8449,35373.4807571,284863.683492,1942,50,floor
False,False,False,0,0,0,47200.4925186,38666.8218038,303989.968072,1943,50,floor
False,False,False,0,0,0,45430.4903333,36704.0514583,284526.2188,1944,50,floor
False,False,False,0,0,0,43201.7296967,34438.2820565,221160.092021,1945,50,floor
False,False,False,0,0,0,35815.7646564,30000,183728.99629,1946,50,floor
False,False,False,0,0,0,43536.5638849,34028.9023741,245174.066573,1947,50,floor
False,False,False,0,0,0,52036.730035,40000,314707.656125,1948,50,floor
False,False,False,0,0,0,56163.7732528,40000,356986.425397,1949,50,floor
False,False,False,0,0,0,51879.0794892,39313.3245132,301694.871871,1950,50,floor
False,False,False,0,0,0,47596.5184955,35459.3625216,250713.14706,1951,50,floor
False,False,False,0,0,0,48277.2346829,35581.7731023,200745.694694,1952,50,floor
False,False,False,0,0,0,47032.1371062,34257.6878885,154523.03384,1953,50,floor
False,False,False,0,0,0,48601.3144884,35423.1979836,141974.477386,1954,50,floor
False,False,False,0,0,0,39451.4645468,30000,86316.7610828,1955,50,floor
False,False,False,0,0,0,35489.7194889,30000,3817.36735772,1956,50,floor
False,False,False,0,0,0,36853.5518246,30000,6888.89342118,1957,50,floor
False,False,False,0,0,0,39517.8743227,30000,10329.7923986,1958,50,floor
True,True,True,2,2,0.0322303456465,35696.356948,0,0,1959,50,floor
True,True,True,3,3,0.0524119910856,34786.5193385,0,0,1960,50,floor
True,True,True,4,4,0.07271006309,33847.8723978,0,0,1961,50,floor
True,True,True,7,7,0.134502107492,29603.009251,0,0,1962,50,floor
False,False,False,0,0,0,33946.5069259,30000,95901.3297678,1963,50,floor
True,True,True,1,1,0.00830344935223,32594.0804036,17544.8259717,0,1964,50,floor
True,True,True,5,5,0.090474014352,29198.5031243,0,0,1965,50,floor
True,True,True,8,8,0.156790425694,27209.010784,0,0,1966,50,floor
False,False,False,0,0,0,32623.8066059,30000,65116.8876228,1967,50,floor
False,False,False,0,0,0,31912.7235548,30000,238010.807721,1968,50,floor
False,False,False,0,0,0,31912.7235548,30000,221002.680636,1969,50,floor
False,False,False,0,0,0,36636.4252021,30753.1932597,957992.629684,1970,50,floor
False,False,False,0,0,0,40447.5926491,31229.8721479,1301464.31961,1971,50,floor
